repeat,noise_fraction,protocol,method,feature,feature_index,score,kendall_tau,kendall_tau_relevant,l1_error,top5_recovery,eval_count
0,0.0,deterministic,Sobol,x1,0,0.247400386772649,0.9111111111111111,1.0,0.040251732966848065,1.0,6144
0,0.0,deterministic,Sobol,x2,1,0.25489119035047286,0.9111111111111111,1.0,0.040251732966848065,1.0,6144
0,0.0,deterministic,Sobol,x3,2,0.09472026095293341,0.9111111111111111,1.0,0.040251732966848065,1.0,6144
0,0.0,deterministic,Sobol,x4,3,0.3086254614070555,0.9111111111111111,1.0,0.040251732966848065,1.0,6144
0,0.0,deterministic,Sobol,x5,4,0.08852704390652598,0.9111111111111111,1.0,0.040251732966848065,1.0,6144
0,0.0,deterministic,Sobol,x6,5,0.0013200891117868601,0.9111111111111111,1.0,0.040251732966848065,1.0,6144
0,0.0,deterministic,Sobol,x7,6,0.001256989385568287,0.9111111111111111,1.0,0.040251732966848065,1.0,6144
0,0.0,deterministic,Sobol,x8,7,0.0010809827158146065,0.9111111111111111,1.0,0.040251732966848065,1.0,6144
0,0.0,deterministic,Sobol,x9,8,0.001098120158384901,0.9111111111111111,1.0,0.040251732966848065,1.0,6144
0,0.0,deterministic,Sobol,x10,9,0.0010794752388086201,0.9111111111111111,1.0,0.040251732966848065,1.0,6144
0,0.0,deterministic,GAS,x1,0,0.28720656600306854,0.8222222222222222,1.0,0.07726401297923195,1.0,5184
0,0.0,deterministic,GAS,x2,1,0.2534224526989876,0.8222222222222222,1.0,0.07726401297923195,1.0,5184
0,0.0,deterministic,GAS,x3,2,0.17785340129511445,0.8222222222222222,1.0,0.07726401297923195,1.0,5184
0,0.0,deterministic,GAS,x4,3,0.23009172152974927,0.8222222222222222,1.0,0.07726401297923195,1.0,5184
0,0.0,deterministic,GAS,x5,4,0.05129007538532053,0.8222222222222222,1.0,0.07726401297923195,1.0,5184
0,0.0,deterministic,GAS,x6,5,4.3365286473231525e-05,0.8222222222222222,1.0,0.07726401297923195,1.0,5184
0,0.0,deterministic,GAS,x7,6,1.2403296794736684e-05,0.8222222222222222,1.0,0.07726401297923195,1.0,5184
0,0.0,deterministic,GAS,x8,7,9.66247550453058e-06,0.8222222222222222,1.0,0.07726401297923195,1.0,5184
0,0.0,deterministic,GAS,x9,8,2.1354717400450808e-05,0.8222222222222222,1.0,0.07726401297923195,1.0,5184
0,0.0,deterministic,GAS,x10,9,4.899731158648566e-05,0.8222222222222222,1.0,0.07726401297923195,1.0,5184
0,0.0,deterministic,DGSM,x1,0,0.2668069613597799,0.9111111111111111,1.0,0.020404054385246954,1.0,5120
0,0.0,deterministic,DGSM,x2,1,0.29036226437604934,0.9111111111111111,1.0,0.020404054385246954,1.0,5120
0,0.0,deterministic,DGSM,x3,2,0.20462107129716717,0.9111111111111111,1.0,0.020404054385246954,1.0,5120
0,0.0,deterministic,DGSM,x4,3,0.18434680305341675,0.9111111111111111,1.0,0.020404054385246954,1.0,5120
0,0.0,deterministic,DGSM,x5,4,0.04767791156196344,0.9111111111111111,1.0,0.020404054385246954,1.0,5120
0,0.0,deterministic,DGSM,x6,5,0.0012456436939611668,0.9111111111111111,1.0,0.020404054385246954,1.0,5120
0,0.0,deterministic,DGSM,x7,6,0.0014359263240808137,0.9111111111111111,1.0,0.020404054385246954,1.0,5120
0,0.0,deterministic,DGSM,x8,7,0.0012724367406249854,0.9111111111111111,1.0,0.020404054385246954,1.0,5120
0,0.0,deterministic,DGSM,x9,8,0.001132590560230217,0.9111111111111111,1.0,0.020404054385246954,1.0,5120
0,0.0,deterministic,DGSM,x10,9,0.0010983910327263806,0.9111111111111111,1.0,0.020404054385246954,1.0,5120
0,0.05,CRN,Sobol,x1,0,0.2644707377298781,0.9111111111111111,0.8,0.046126267326436876,1.0,6144
0,0.05,CRN,Sobol,x2,1,0.24619978410184587,0.9111111111111111,0.8,0.046126267326436876,1.0,6144
0,0.05,CRN,Sobol,x3,2,0.08793266319148388,0.9111111111111111,0.8,0.046126267326436876,1.0,6144
0,0.05,CRN,Sobol,x4,3,0.3108170364451013,0.9111111111111111,0.8,0.046126267326436876,1.0,6144
0,0.05,CRN,Sobol,x5,4,0.0848438557489886,0.9111111111111111,0.8,0.046126267326436876,1.0,6144
0,0.05,CRN,Sobol,x6,5,0.001433769946906542,0.9111111111111111,0.8,0.046126267326436876,1.0,6144
0,0.05,CRN,Sobol,x7,6,0.0012883817130647515,0.9111111111111111,0.8,0.046126267326436876,1.0,6144
0,0.05,CRN,Sobol,x8,7,0.0010463412366038221,0.9111111111111111,0.8,0.046126267326436876,1.0,6144
0,0.05,CRN,Sobol,x9,8,0.0008858259057543611,0.9111111111111111,0.8,0.046126267326436876,1.0,6144
0,0.05,CRN,Sobol,x10,9,0.0010816039803725978,0.9111111111111111,0.8,0.046126267326436876,1.0,6144
0,0.05,CRN,GAS,x1,0,0.25232702289006326,0.7333333333333333,0.6,0.03350118110377205,1.0,5184
0,0.05,CRN,GAS,x2,1,0.26584717976598704,0.7333333333333333,0.6,0.03350118110377205,1.0,5184
0,0.05,CRN,GAS,x3,2,0.1638081207883521,0.7333333333333333,0.6,0.03350118110377205,1.0,5184
0,0.05,CRN,GAS,x4,3,0.2527491601626301,0.7333333333333333,0.6,0.03350118110377205,1.0,5184
0,0.05,CRN,GAS,x5,4,0.06514800942920239,0.7333333333333333,0.6,0.03350118110377205,1.0,5184
0,0.05,CRN,GAS,x6,5,3.136907612791764e-05,0.7333333333333333,0.6,0.03350118110377205,1.0,5184
0,0.05,CRN,GAS,x7,6,1.3958659546122521e-05,0.7333333333333333,0.6,0.03350118110377205,1.0,5184
0,0.05,CRN,GAS,x8,7,1.4609230019357999e-05,0.7333333333333333,0.6,0.03350118110377205,1.0,5184
0,0.05,CRN,GAS,x9,8,4.388596543537388e-05,0.7333333333333333,0.6,0.03350118110377205,1.0,5184
0,0.05,CRN,GAS,x10,9,1.6684032636257064e-05,0.7333333333333333,0.6,0.03350118110377205,1.0,5184
0,0.05,CRN,DGSM,x1,0,0.27262777936886656,0.9555555555555556,0.8,0.02659807317453456,1.0,5120
0,0.05,CRN,DGSM,x2,1,0.2671235979499321,0.9555555555555556,0.8,0.02659807317453456,1.0,5120
0,0.05,CRN,DGSM,x3,2,0.21516563796309573,0.9555555555555556,0.8,0.02659807317453456,1.0,5120
0,0.05,CRN,DGSM,x4,3,0.18957043439654936,0.9555555555555556,0.8,0.02659807317453456,1.0,5120
0,0.05,CRN,DGSM,x5,4,0.048404318470643054,0.9555555555555556,0.8,0.02659807317453456,1.0,5120
0,0.05,CRN,DGSM,x6,5,0.0016130313414013866,0.9555555555555556,0.8,0.02659807317453456,1.0,5120
0,0.05,CRN,DGSM,x7,6,0.0019529738956092285,0.9555555555555556,0.8,0.02659807317453456,1.0,5120
0,0.05,CRN,DGSM,x8,7,0.001117951631066238,0.9555555555555556,0.8,0.02659807317453456,1.0,5120
0,0.05,CRN,DGSM,x9,8,0.0014247974654690383,0.9555555555555556,0.8,0.02659807317453456,1.0,5120
0,0.05,CRN,DGSM,x10,9,0.0009994775173673119,0.9555555555555556,0.8,0.02659807317453456,1.0,5120
0,0.05,independent,Sobol,x1,0,0.2531735810940219,0.8222222222222222,0.8,0.03769595384014903,1.0,6144
0,0.05,independent,Sobol,x2,1,0.2379119552586438,0.8222222222222222,0.8,0.03769595384014903,1.0,6144
0,0.05,independent,Sobol,x3,2,0.08619766955528042,0.8222222222222222,0.8,0.03769595384014903,1.0,6144
0,0.05,independent,Sobol,x4,3,0.3251183366231214,0.8222222222222222,0.8,0.03769595384014903,1.0,6144
0,0.05,independent,Sobol,x5,4,0.08071975497436011,0.8222222222222222,0.8,0.03769595384014903,1.0,6144
0,0.05,independent,Sobol,x6,5,0.003206353618048719,0.8222222222222222,0.8,0.03769595384014903,1.0,6144
0,0.05,independent,Sobol,x7,6,0.003933170150255496,0.8222222222222222,0.8,0.03769595384014903,1.0,6144
0,0.05,independent,Sobol,x8,7,0.002785647502230473,0.8222222222222222,0.8,0.03769595384014903,1.0,6144
0,0.05,independent,Sobol,x9,8,0.0032335128830254527,0.8222222222222222,0.8,0.03769595384014903,1.0,6144
0,0.05,independent,Sobol,x10,9,0.0037200183410124256,0.8222222222222222,0.8,0.03769595384014903,1.0,6144
0,0.05,independent,GAS,x1,0,0.19424930539454585,0.4222222222222222,0.8,0.6225808074237149,0.8,5184
0,0.05,independent,GAS,x2,1,0.24168093496782433,0.4222222222222222,0.8,0.6225808074237149,0.8,5184
0,0.05,independent,GAS,x3,2,0.10121687208425191,0.4222222222222222,0.8,0.6225808074237149,0.8,5184
0,0.05,independent,GAS,x4,3,0.11751746646164142,0.4222222222222222,0.8,0.6225808074237149,0.8,5184
0,0.05,independent,GAS,x5,4,0.03403298386095235,0.4222222222222222,0.8,0.6225808074237149,0.8,5184
0,0.05,independent,GAS,x6,5,0.07159555703689471,0.4222222222222222,0.8,0.6225808074237149,0.8,5184
0,0.05,independent,GAS,x7,6,0.08328581011651819,0.4222222222222222,0.8,0.6225808074237149,0.8,5184
0,0.05,independent,GAS,x8,7,0.07375061717585718,0.4222222222222222,0.8,0.6225808074237149,0.8,5184
0,0.05,independent,GAS,x9,8,0.08262482923257844,0.4222222222222222,0.8,0.6225808074237149,0.8,5184
0,0.05,independent,GAS,x10,9,4.56236689355836e-05,0.4222222222222222,0.8,0.6225808074237149,0.8,5184
0,0.05,independent,DGSM,x1,0,0.18654910429635074,0.7777777777777778,0.8,0.6391444679894941,1.0,5120
0,0.05,independent,DGSM,x2,1,0.16480255553941414,0.7777777777777778,0.8,0.6391444679894941,1.0,5120
0,0.05,independent,DGSM,x3,2,0.15780504158551015,0.7777777777777778,0.8,0.6391444679894941,1.0,5120
0,0.05,independent,DGSM,x4,3,0.11666846136092983,0.7777777777777778,0.8,0.6391444679894941,1.0,5120
0,0.05,independent,DGSM,x5,4,0.07911558751615252,0.7777777777777778,0.8,0.6391444679894941,1.0,5120
0,0.05,independent,DGSM,x6,5,0.057220545608678286,0.7777777777777778,0.8,0.6391444679894941,1.0,5120
0,0.05,independent,DGSM,x7,6,0.06731172727803582,0.7777777777777778,0.8,0.6391444679894941,1.0,5120
0,0.05,independent,DGSM,x8,7,0.05558532178060299,0.7777777777777778,0.8,0.6391444679894941,1.0,5120
0,0.05,independent,DGSM,x9,8,0.049595657725010615,0.7777777777777778,0.8,0.6391444679894941,1.0,5120
0,0.05,independent,DGSM,x10,9,0.06534599730931492,0.7777777777777778,0.8,0.6391444679894941,1.0,5120
0,0.15,CRN,Sobol,x1,0,0.2659655010808892,0.8222222222222222,0.8,0.0489252632263429,1.0,6144
0,0.15,CRN,Sobol,x2,1,0.24037404014389405,0.8222222222222222,0.8,0.0489252632263429,1.0,6144
0,0.15,CRN,Sobol,x3,2,0.0901843999329099,0.8222222222222222,0.8,0.0489252632263429,1.0,6144
0,0.15,CRN,Sobol,x4,3,0.32498187761101727,0.8222222222222222,0.8,0.0489252632263429,1.0,6144
0,0.15,CRN,Sobol,x5,4,0.07322217636146511,0.8222222222222222,0.8,0.0489252632263429,1.0,6144
0,0.15,CRN,Sobol,x6,5,0.0011786694243064483,0.8222222222222222,0.8,0.0489252632263429,1.0,6144
0,0.15,CRN,Sobol,x7,6,0.0010192848827673313,0.8222222222222222,0.8,0.0489252632263429,1.0,6144
0,0.15,CRN,Sobol,x8,7,0.0010124436142803276,0.8222222222222222,0.8,0.0489252632263429,1.0,6144
0,0.15,CRN,Sobol,x9,8,0.0011689520445417097,0.8222222222222222,0.8,0.0489252632263429,1.0,6144
0,0.15,CRN,Sobol,x10,9,0.000892654903928632,0.8222222222222222,0.8,0.0489252632263429,1.0,6144
0,0.15,CRN,GAS,x1,0,0.3094691850588063,0.6444444444444445,1.0,0.11908382217859174,1.0,5184
0,0.15,CRN,GAS,x2,1,0.2324607986069576,0.6444444444444445,1.0,0.11908382217859174,1.0,5184
0,0.15,CRN,GAS,x3,2,0.17642787462174492,0.6444444444444445,1.0,0.11908382217859174,1.0,5184
0,0.15,CRN,GAS,x4,3,0.2246591196495289,0.6444444444444445,1.0,0.11908382217859174,1.0,5184
0,0.15,CRN,GAS,x5,4,0.05677442675789111,0.6444444444444445,1.0,0.11908382217859174,1.0,5184
0,0.15,CRN,GAS,x6,5,3.0169521933281156e-05,0.6444444444444445,1.0,0.11908382217859174,1.0,5184
0,0.15,CRN,GAS,x7,6,5.32968831950902e-05,0.6444444444444445,1.0,0.11908382217859174,1.0,5184
0,0.15,CRN,GAS,x8,7,2.3025867189720556e-05,0.6444444444444445,1.0,0.11908382217859174,1.0,5184
0,0.15,CRN,GAS,x9,8,6.071986720986729e-05,0.6444444444444445,1.0,0.11908382217859174,1.0,5184
0,0.15,CRN,GAS,x10,9,4.1383165543240886e-05,0.6444444444444445,1.0,0.11908382217859174,1.0,5184
0,0.15,CRN,DGSM,x1,0,0.26456326174709505,0.8222222222222222,1.0,0.03249795923103568,1.0,5120
0,0.15,CRN,DGSM,x2,1,0.2886652441769354,0.8222222222222222,1.0,0.03249795923103568,1.0,5120
0,0.15,CRN,DGSM,x3,2,0.19833095183612273,0.8222222222222222,1.0,0.03249795923103568,1.0,5120
0,0.15,CRN,DGSM,x4,3,0.19305782793130932,0.8222222222222222,1.0,0.03249795923103568,1.0,5120
0,0.15,CRN,DGSM,x5,4,0.04866258791822606,0.8222222222222222,1.0,0.03249795923103568,1.0,5120
0,0.15,CRN,DGSM,x6,5,0.001225425842271977,0.8222222222222222,1.0,0.03249795923103568,1.0,5120
0,0.15,CRN,DGSM,x7,6,0.0014866453795090923,0.8222222222222222,1.0,0.03249795923103568,1.0,5120
0,0.15,CRN,DGSM,x8,7,0.0015997235847296878,0.8222222222222222,1.0,0.03249795923103568,1.0,5120
0,0.15,CRN,DGSM,x9,8,0.001440817427435477,0.8222222222222222,1.0,0.03249795923103568,1.0,5120
0,0.15,CRN,DGSM,x10,9,0.0009675141563650756,0.8222222222222222,1.0,0.03249795923103568,1.0,5120
0,0.15,independent,Sobol,x1,0,0.23091115369125204,0.6888888888888889,0.6,0.17411608183916977,1.0,6144
0,0.15,independent,Sobol,x2,1,0.2111052011428036,0.6888888888888889,0.6,0.17411608183916977,1.0,6144
0,0.15,independent,Sobol,x3,2,0.08041698168004581,0.6888888888888889,0.6,0.17411608183916977,1.0,6144
0,0.15,independent,Sobol,x4,3,0.3022759532467962,0.6888888888888889,0.6,0.17411608183916977,1.0,6144
0,0.15,independent,Sobol,x5,4,0.08305153053308645,0.6888888888888889,0.6,0.17411608183916977,1.0,6144
0,0.15,independent,Sobol,x6,5,0.018315127502969267,0.6888888888888889,0.6,0.17411608183916977,1.0,6144
0,0.15,independent,Sobol,x7,6,0.019369914606099662,0.6888888888888889,0.6,0.17411608183916977,1.0,6144
0,0.15,independent,Sobol,x8,7,0.017631146627033845,0.6888888888888889,0.6,0.17411608183916977,1.0,6144
0,0.15,independent,Sobol,x9,8,0.019700700767693043,0.6888888888888889,0.6,0.17411608183916977,1.0,6144
0,0.15,independent,Sobol,x10,9,0.017222290202220013,0.6888888888888889,0.6,0.17411608183916977,1.0,6144
0,0.15,independent,GAS,x1,0,0.021901397406673795,0.1111111111111111,0.2,1.4078952352265903,0.4,5184
0,0.15,independent,GAS,x2,1,0.10028334971470902,0.1111111111111111,0.2,1.4078952352265903,0.4,5184
0,0.15,independent,GAS,x3,2,0.5824987419933522,0.1111111111111111,0.2,1.4078952352265903,0.4,5184
0,0.15,independent,GAS,x4,3,0.01454500776957752,0.1111111111111111,0.2,1.4078952352265903,0.4,5184
0,0.15,independent,GAS,x5,4,0.0018364970413674543,0.1111111111111111,0.2,1.4078952352265903,0.4,5184
0,0.15,independent,GAS,x6,5,0.0006267141639123184,0.1111111111111111,0.2,1.4078952352265903,0.4,5184
0,0.15,independent,GAS,x7,6,2.3523691195711874e-05,0.1111111111111111,0.2,1.4078952352265903,0.4,5184
0,0.15,independent,GAS,x8,7,0.04165644569913959,0.1111111111111111,0.2,1.4078952352265903,0.4,5184
0,0.15,independent,GAS,x9,8,0.19328654809403734,0.1111111111111111,0.2,1.4078952352265903,0.4,5184
0,0.15,independent,GAS,x10,9,0.04334177442603509,0.1111111111111111,0.2,1.4078952352265903,0.4,5184
0,0.15,independent,DGSM,x1,0,0.10275900750241947,0.37777777777777777,0.0,1.0506777594415393,0.8,5120
0,0.15,independent,DGSM,x2,1,0.10515264317185306,0.37777777777777777,0.0,1.0506777594415393,0.8,5120
0,0.15,independent,DGSM,x3,2,0.1099930166032455,0.37777777777777777,0.0,1.0506777594415393,0.8,5120
0,0.15,independent,DGSM,x4,3,0.10215384977866426,0.37777777777777777,0.0,1.0506777594415393,0.8,5120
0,0.15,independent,DGSM,x5,4,0.10849377427859692,0.37777777777777777,0.0,1.0506777594415393,0.8,5120
0,0.15,independent,DGSM,x6,5,0.09012889495437411,0.37777777777777777,0.0,1.0506777594415393,0.8,5120
0,0.15,independent,DGSM,x7,6,0.09338422312880913,0.37777777777777777,0.0,1.0506777594415393,0.8,5120
0,0.15,independent,DGSM,x8,7,0.10916575554604391,0.37777777777777777,0.0,1.0506777594415393,0.8,5120
0,0.15,independent,DGSM,x9,8,0.09741734476137574,0.37777777777777777,0.0,1.0506777594415393,0.8,5120
0,0.15,independent,DGSM,x10,9,0.08135149027461792,0.37777777777777777,0.0,1.0506777594415393,0.8,5120
1,0.0,deterministic,Sobol,x1,0,0.2523875251261323,0.9111111111111111,0.8,0.03483168849710287,1.0,6144
1,0.0,deterministic,Sobol,x2,1,0.2592572664435998,0.9111111111111111,0.8,0.03483168849710287,1.0,6144
1,0.0,deterministic,Sobol,x3,2,0.07903477764689311,0.9111111111111111,0.8,0.03483168849710287,1.0,6144
1,0.0,deterministic,Sobol,x4,3,0.3173364539655771,0.9111111111111111,0.8,0.03483168849710287,1.0,6144
1,0.0,deterministic,Sobol,x5,4,0.0860615808621942,0.9111111111111111,0.8,0.03483168849710287,1.0,6144
1,0.0,deterministic,Sobol,x6,5,0.0015001878363003914,0.9111111111111111,0.8,0.03483168849710287,1.0,6144
1,0.0,deterministic,Sobol,x7,6,0.0012084991232995193,0.9111111111111111,0.8,0.03483168849710287,1.0,6144
1,0.0,deterministic,Sobol,x8,7,0.0010363565899658782,0.9111111111111111,0.8,0.03483168849710287,1.0,6144
1,0.0,deterministic,Sobol,x9,8,0.0010977325902053958,0.9111111111111111,0.8,0.03483168849710287,1.0,6144
1,0.0,deterministic,Sobol,x10,9,0.0010796198158323097,0.9111111111111111,0.8,0.03483168849710287,1.0,6144
1,0.0,deterministic,GAS,x1,0,0.2939727920953502,0.6444444444444445,0.8,0.052333857242828054,1.0,5184
1,0.0,deterministic,GAS,x2,1,0.23998232441997253,0.6444444444444445,0.8,0.052333857242828054,1.0,5184
1,0.0,deterministic,GAS,x3,2,0.15553408898802387,0.6444444444444445,0.8,0.052333857242828054,1.0,5184
1,0.0,deterministic,GAS,x4,3,0.24782689831264276,0.6444444444444445,0.8,0.052333857242828054,1.0,5184
1,0.0,deterministic,GAS,x5,4,0.06254050872822373,0.6444444444444445,0.8,0.052333857242828054,1.0,5184
1,0.0,deterministic,GAS,x6,5,7.984490066144937e-06,0.6444444444444445,0.8,0.052333857242828054,1.0,5184
1,0.0,deterministic,GAS,x7,6,4.462075635142565e-05,0.6444444444444445,0.8,0.052333857242828054,1.0,5184
1,0.0,deterministic,GAS,x8,7,2.5389402041146523e-05,0.6444444444444445,0.8,0.052333857242828054,1.0,5184
1,0.0,deterministic,GAS,x9,8,1.3073453155695197e-05,0.6444444444444445,0.8,0.052333857242828054,1.0,5184
1,0.0,deterministic,GAS,x10,9,5.231935417260383e-05,0.6444444444444445,0.8,0.052333857242828054,1.0,5184
1,0.0,deterministic,DGSM,x1,0,0.2751186345494871,0.8222222222222222,0.8,0.029083296247851068,1.0,5120
1,0.0,deterministic,DGSM,x2,1,0.2740071179679913,0.8222222222222222,0.8,0.029083296247851068,1.0,5120
1,0.0,deterministic,DGSM,x3,2,0.2180082703508378,0.8222222222222222,0.8,0.029083296247851068,1.0,5120
1,0.0,deterministic,DGSM,x4,3,0.18144324341759246,0.8222222222222222,0.8,0.029083296247851068,1.0,5120
1,0.0,deterministic,DGSM,x5,4,0.04515982294647521,0.8222222222222222,0.8,0.029083296247851068,1.0,5120
1,0.0,deterministic,DGSM,x6,5,0.0015698426739985945,0.8222222222222222,0.8,0.029083296247851068,1.0,5120
1,0.0,deterministic,DGSM,x7,6,0.0012911841806585586,0.8222222222222222,0.8,0.029083296247851068,1.0,5120
1,0.0,deterministic,DGSM,x8,7,0.0009936989836153078,0.8222222222222222,0.8,0.029083296247851068,1.0,5120
1,0.0,deterministic,DGSM,x9,8,0.0013530709231539585,0.8222222222222222,0.8,0.029083296247851068,1.0,5120
1,0.0,deterministic,DGSM,x10,9,0.0010551140061895537,0.8222222222222222,0.8,0.029083296247851068,1.0,5120
1,0.05,CRN,Sobol,x1,0,0.26596550108088923,0.8222222222222222,0.8,0.048925263226342816,1.0,6144
1,0.05,CRN,Sobol,x2,1,0.24037404014389419,0.8222222222222222,0.8,0.048925263226342816,1.0,6144
1,0.05,CRN,Sobol,x3,2,0.09018439993290991,0.8222222222222222,0.8,0.048925263226342816,1.0,6144
1,0.05,CRN,Sobol,x4,3,0.32498187761101727,0.8222222222222222,0.8,0.048925263226342816,1.0,6144
1,0.05,CRN,Sobol,x5,4,0.07322217636146512,0.8222222222222222,0.8,0.048925263226342816,1.0,6144
1,0.05,CRN,Sobol,x6,5,0.0011786694243064487,0.8222222222222222,0.8,0.048925263226342816,1.0,6144
1,0.05,CRN,Sobol,x7,6,0.0010192848827673313,0.8222222222222222,0.8,0.048925263226342816,1.0,6144
1,0.05,CRN,Sobol,x8,7,0.0010124436142803278,0.8222222222222222,0.8,0.048925263226342816,1.0,6144
1,0.05,CRN,Sobol,x9,8,0.0011689520445417102,0.8222222222222222,0.8,0.048925263226342816,1.0,6144
1,0.05,CRN,Sobol,x10,9,0.0008926549039286321,0.8222222222222222,0.8,0.048925263226342816,1.0,6144
1,0.05,CRN,GAS,x1,0,0.3094691850588061,0.6444444444444445,1.0,0.11908382217859124,1.0,5184
1,0.05,CRN,GAS,x2,1,0.23246079860695776,0.6444444444444445,1.0,0.11908382217859124,1.0,5184
1,0.05,CRN,GAS,x3,2,0.1764278746217449,0.6444444444444445,1.0,0.11908382217859124,1.0,5184
1,0.05,CRN,GAS,x4,3,0.224659119649529,0.6444444444444445,1.0,0.11908382217859124,1.0,5184
1,0.05,CRN,GAS,x5,4,0.056774426757891135,0.6444444444444445,1.0,0.11908382217859124,1.0,5184
1,0.05,CRN,GAS,x6,5,3.016952193328078e-05,0.6444444444444445,1.0,0.11908382217859124,1.0,5184
1,0.05,CRN,GAS,x7,6,5.3296883195089585e-05,0.6444444444444445,1.0,0.11908382217859124,1.0,5184
1,0.05,CRN,GAS,x8,7,2.3025867189720458e-05,0.6444444444444445,1.0,0.11908382217859124,1.0,5184
1,0.05,CRN,GAS,x9,8,6.071986720986703e-05,0.6444444444444445,1.0,0.11908382217859124,1.0,5184
1,0.05,CRN,GAS,x10,9,4.1383165543240906e-05,0.6444444444444445,1.0,0.11908382217859124,1.0,5184
1,0.05,CRN,DGSM,x1,0,0.26456326174709505,0.8222222222222222,1.0,0.03249795923103578,1.0,5120
1,0.05,CRN,DGSM,x2,1,0.28866524417693545,0.8222222222222222,1.0,0.03249795923103578,1.0,5120
1,0.05,CRN,DGSM,x3,2,0.19833095183612268,0.8222222222222222,1.0,0.03249795923103578,1.0,5120
1,0.05,CRN,DGSM,x4,3,0.19305782793130932,0.8222222222222222,1.0,0.03249795923103578,1.0,5120
1,0.05,CRN,DGSM,x5,4,0.04866258791822606,0.8222222222222222,1.0,0.03249795923103578,1.0,5120
1,0.05,CRN,DGSM,x6,5,0.0012254258422719775,0.8222222222222222,1.0,0.03249795923103578,1.0,5120
1,0.05,CRN,DGSM,x7,6,0.0014866453795090938,0.8222222222222222,1.0,0.03249795923103578,1.0,5120
1,0.05,CRN,DGSM,x8,7,0.0015997235847296876,0.8222222222222222,1.0,0.03249795923103578,1.0,5120
1,0.05,CRN,DGSM,x9,8,0.0014408174274354775,0.8222222222222222,1.0,0.03249795923103578,1.0,5120
1,0.05,CRN,DGSM,x10,9,0.000967514156365079,0.8222222222222222,1.0,0.03249795923103578,1.0,5120
1,0.05,independent,Sobol,x1,0,0.2608613270729391,0.8222222222222222,0.8,0.05819711193373065,1.0,6144
1,0.05,independent,Sobol,x2,1,0.2324390431829579,0.8222222222222222,0.8,0.05819711193373065,1.0,6144
1,0.05,independent,Sobol,x3,2,0.0799116069174057,0.8222222222222222,0.8,0.05819711193373065,1.0,6144
1,0.05,independent,Sobol,x4,3,0.3323740238735496,0.8222222222222222,0.8,0.05819711193373065,1.0,6144
1,0.05,independent,Sobol,x5,4,0.07743967014756348,0.8222222222222222,0.8,0.05819711193373065,1.0,6144
1,0.05,independent,Sobol,x6,5,0.0035376189211399406,0.8222222222222222,0.8,0.05819711193373065,1.0,6144
1,0.05,independent,Sobol,x7,6,0.003525994542800885,0.8222222222222222,0.8,0.05819711193373065,1.0,6144
1,0.05,independent,Sobol,x8,7,0.002999173822837333,0.8222222222222222,0.8,0.05819711193373065,1.0,6144
1,0.05,independent,Sobol,x9,8,0.003686463595952468,0.8222222222222222,0.8,0.05819711193373065,1.0,6144
1,0.05,independent,Sobol,x10,9,0.0032250779228536653,0.8222222222222222,0.8,0.05819711193373065,1.0,6144
1,0.05,independent,GAS,x1,0,0.07894112511835237,0.3333333333333333,0.2,1.0874146673792358,0.8,5184
1,0.05,independent,GAS,x2,1,0.13236112736713365,0.3333333333333333,0.2,1.0874146673792358,0.8,5184
1,0.05,independent,GAS,x3,2,0.5062445157007036,0.3333333333333333,0.2,1.0874146673792358,0.8,5184
1,0.05,independent,GAS,x4,3,0.07172208351039015,0.3333333333333333,0.2,1.0874146673792358,0.8,5184
1,0.05,independent,GAS,x5,4,0.01578219986012872,0.3333333333333333,0.2,1.0874146673792358,0.8,5184
1,0.05,independent,GAS,x6,5,5.49285382752466e-05,0.3333333333333333,0.2,1.0874146673792358,0.8,5184
1,0.05,independent,GAS,x7,6,3.3834478967214355e-05,0.3333333333333333,0.2,1.0874146673792358,0.8,5184
1,0.05,independent,GAS,x8,7,0.00029596743447906574,0.3333333333333333,0.2,1.0874146673792358,0.8,5184
1,0.05,independent,GAS,x9,8,0.159009800670518,0.3333333333333333,0.2,1.0874146673792358,0.8,5184
1,0.05,independent,GAS,x10,9,0.03555441732105185,0.3333333333333333,0.2,1.0874146673792358,0.8,5184
1,0.05,independent,DGSM,x1,0,0.1758380013246896,0.7333333333333333,0.8,0.6615384699001612,1.0,5120
1,0.05,independent,DGSM,x2,1,0.1586669764022153,0.7333333333333333,0.8,0.6615384699001612,1.0,5120
1,0.05,independent,DGSM,x3,2,0.14965956225097143,0.7333333333333333,0.8,0.6615384699001612,1.0,5120
1,0.05,independent,DGSM,x4,3,0.13046362184899493,0.7333333333333333,0.8,0.6615384699001612,1.0,5120
1,0.05,independent,DGSM,x5,4,0.08411323399498623,0.7333333333333333,0.8,0.6615384699001612,1.0,5120
1,0.05,independent,DGSM,x6,5,0.057396748774888276,0.7333333333333333,0.8,0.6615384699001612,1.0,5120
1,0.05,independent,DGSM,x7,6,0.05924850381431816,0.7333333333333333,0.8,0.6615384699001612,1.0,5120
1,0.05,independent,DGSM,x8,7,0.06971168499861587,0.7333333333333333,0.8,0.6615384699001612,1.0,5120
1,0.05,independent,DGSM,x9,8,0.06296887479631101,0.7333333333333333,0.8,0.6615384699001612,1.0,5120
1,0.05,independent,DGSM,x10,9,0.05193279179400917,0.7333333333333333,0.8,0.6615384699001612,1.0,5120
1,0.15,CRN,Sobol,x1,0,0.23261167118112128,0.9111111111111111,1.0,0.06116306019215778,1.0,6144
1,0.15,CRN,Sobol,x2,1,0.2816555770657617,0.9111111111111111,1.0,0.06116306019215778,1.0,6144
1,0.15,CRN,Sobol,x3,2,0.08515079074993691,0.9111111111111111,1.0,0.06116306019215778,1.0,6144
1,0.15,CRN,Sobol,x4,3,0.32173319617276314,0.9111111111111111,1.0,0.06116306019215778,1.0,6144
1,0.15,CRN,Sobol,x5,4,0.0740929457281329,0.9111111111111111,1.0,0.06116306019215778,1.0,6144
1,0.15,CRN,Sobol,x6,5,0.0012381274770251133,0.9111111111111111,1.0,0.06116306019215778,1.0,6144
1,0.15,CRN,Sobol,x7,6,0.0009815676048274785,0.9111111111111111,1.0,0.06116306019215778,1.0,6144
1,0.15,CRN,Sobol,x8,7,0.0008427921653563223,0.9111111111111111,1.0,0.06116306019215778,1.0,6144
1,0.15,CRN,Sobol,x9,8,0.0008921902648026469,0.9111111111111111,1.0,0.06116306019215778,1.0,6144
1,0.15,CRN,Sobol,x10,9,0.0008011415902724748,0.9111111111111111,1.0,0.06116306019215778,1.0,6144
1,0.15,CRN,GAS,x1,0,0.2771403533986257,0.7333333333333333,1.0,0.016486912427098273,1.0,5184
1,0.15,CRN,GAS,x2,1,0.264288745436578,0.7333333333333333,1.0,0.016486912427098273,1.0,5184
1,0.15,CRN,GAS,x3,2,0.15337957921371836,0.7333333333333333,1.0,0.016486912427098273,1.0,5184
1,0.15,CRN,GAS,x4,3,0.2438512810280864,0.7333333333333333,1.0,0.016486912427098273,1.0,5184
1,0.15,CRN,GAS,x5,4,0.061226791489810174,0.7333333333333333,1.0,0.016486912427098273,1.0,5184
1,0.15,CRN,GAS,x6,5,1.9155425187242225e-05,0.7333333333333333,1.0,0.016486912427098273,1.0,5184
1,0.15,CRN,GAS,x7,6,2.266816731783563e-05,0.7333333333333333,1.0,0.016486912427098273,1.0,5184
1,0.15,CRN,GAS,x8,7,2.4051951157157272e-05,0.7333333333333333,1.0,0.016486912427098273,1.0,5184
1,0.15,CRN,GAS,x9,8,2.431210912464624e-05,0.7333333333333333,1.0,0.016486912427098273,1.0,5184
1,0.15,CRN,GAS,x10,9,2.3061780394627485e-05,0.7333333333333333,1.0,0.016486912427098273,1.0,5184
1,0.15,CRN,DGSM,x1,0,0.24415019104378283,1.0,1.0,0.0530908945587875,1.0,5120
1,0.15,CRN,DGSM,x2,1,0.2906022810282632,1.0,1.0,0.0530908945587875,1.0,5120
1,0.15,CRN,DGSM,x3,2,0.21420229932225926,1.0,1.0,0.0530908945587875,1.0,5120
1,0.15,CRN,DGSM,x4,3,0.19312941397291566,1.0,1.0,0.0530908945587875,1.0,5120
1,0.15,CRN,DGSM,x5,4,0.050837582659094945,1.0,1.0,0.0530908945587875,1.0,5120
1,0.15,CRN,DGSM,x6,5,0.0017505918910566878,1.0,1.0,0.0530908945587875,1.0,5120
1,0.15,CRN,DGSM,x7,6,0.0017766205241130106,1.0,1.0,0.0530908945587875,1.0,5120
1,0.15,CRN,DGSM,x8,7,0.0011097556476970596,1.0,1.0,0.0530908945587875,1.0,5120
1,0.15,CRN,DGSM,x9,8,0.0013365862376680194,1.0,1.0,0.0530908945587875,1.0,5120
1,0.15,CRN,DGSM,x10,9,0.0011046776731493033,1.0,1.0,0.0530908945587875,1.0,5120
1,0.15,independent,Sobol,x1,0,0.2021863858627672,0.6888888888888889,1.0,0.20349243492403044,1.0,6144
1,0.15,independent,Sobol,x2,1,0.2294742084293924,0.6888888888888889,1.0,0.20349243492403044,1.0,6144
1,0.15,independent,Sobol,x3,2,0.09206355918878202,0.6888888888888889,1.0,0.20349243492403044,1.0,6144
1,0.15,independent,Sobol,x4,3,0.29332462637874196,0.6888888888888889,1.0,0.20349243492403044,1.0,6144
1,0.15,independent,Sobol,x5,4,0.09113771376240745,0.6888888888888889,1.0,0.20349243492403044,1.0,6144
1,0.15,independent,Sobol,x6,5,0.018518066561630703,0.6888888888888889,1.0,0.20349243492403044,1.0,6144
1,0.15,independent,Sobol,x7,6,0.017089897006592702,0.6888888888888889,1.0,0.20349243492403044,1.0,6144
1,0.15,independent,Sobol,x8,7,0.019579224909563056,0.6888888888888889,1.0,0.20349243492403044,1.0,6144
1,0.15,independent,Sobol,x9,8,0.01843883649921935,0.6888888888888889,1.0,0.20349243492403044,1.0,6144
1,0.15,independent,Sobol,x10,9,0.018187481400903236,0.6888888888888889,1.0,0.20349243492403044,1.0,6144
1,0.15,independent,GAS,x1,0,0.15053799322713923,0.3333333333333333,0.4,0.8717573276618868,0.6,5184
1,0.15,independent,GAS,x2,1,0.1029825851570667,0.3333333333333333,0.4,0.8717573276618868,0.6,5184
1,0.15,independent,GAS,x3,2,0.1581345770244537,0.3333333333333333,0.4,0.8717573276618868,0.6,5184
1,0.15,independent,GAS,x4,3,0.09140483309531315,0.3333333333333333,0.4,0.8717573276618868,0.6,5184
1,0.15,independent,GAS,x5,4,0.08339766638600539,0.3333333333333333,0.4,0.8717573276618868,0.6,5184
1,0.15,independent,GAS,x6,5,0.0938149901037372,0.3333333333333333,0.4,0.8717573276618868,0.6,5184
1,0.15,independent,GAS,x7,6,0.0003206372283694636,0.3333333333333333,0.4,0.8717573276618868,0.6,5184
1,0.15,independent,GAS,x8,7,0.07351398939594528,0.3333333333333333,0.4,0.8717573276618868,0.6,5184
1,0.15,independent,GAS,x9,8,0.15921093487689852,0.3333333333333333,0.4,0.8717573276618868,0.6,5184
1,0.15,independent,GAS,x10,9,0.0866817935050714,0.3333333333333333,0.4,0.8717573276618868,0.6,5184
1,0.15,independent,DGSM,x1,0,0.10201814756421758,0.5111111111111111,0.0,1.0110902507538821,1.0,5120
1,0.15,independent,DGSM,x2,1,0.11298868248002371,0.5111111111111111,0.0,1.0110902507538821,1.0,5120
1,0.15,independent,DGSM,x3,2,0.10950201649297252,0.5111111111111111,0.0,1.0110902507538821,1.0,5120
1,0.15,independent,DGSM,x4,3,0.11534342486279718,0.5111111111111111,0.0,1.0110902507538821,1.0,5120
1,0.15,independent,DGSM,x5,4,0.1035857200981381,0.5111111111111111,0.0,1.0110902507538821,1.0,5120
1,0.15,independent,DGSM,x6,5,0.09161399722913037,0.5111111111111111,0.0,1.0110902507538821,1.0,5120
1,0.15,independent,DGSM,x7,6,0.08545389149335748,0.5111111111111111,0.0,1.0110902507538821,1.0,5120
1,0.15,independent,DGSM,x8,7,0.08726027528972449,0.5111111111111111,0.0,1.0110902507538821,1.0,5120
1,0.15,independent,DGSM,x9,8,0.10093891024499618,0.5111111111111111,0.0,1.0110902507538821,1.0,5120
1,0.15,independent,DGSM,x10,9,0.0912949342446425,0.5111111111111111,0.0,1.0110902507538821,1.0,5120
2,0.0,deterministic,Sobol,x1,0,0.25698099283828574,0.9111111111111111,1.0,0.03923101539933257,1.0,6144
2,0.0,deterministic,Sobol,x2,1,0.2595985662227717,0.9111111111111111,1.0,0.03923101539933257,1.0,6144
2,0.0,deterministic,Sobol,x3,2,0.0859478634739944,0.9111111111111111,1.0,0.03923101539933257,1.0,6144
2,0.0,deterministic,Sobol,x4,3,0.3148630435844194,0.9111111111111111,1.0,0.03923101539933257,1.0,6144
2,0.0,deterministic,Sobol,x5,4,0.07704361701454748,0.9111111111111111,1.0,0.03923101539933257,1.0,6144
2,0.0,deterministic,Sobol,x6,5,0.0012616227678613552,0.9111111111111111,1.0,0.03923101539933257,1.0,6144
2,0.0,deterministic,Sobol,x7,6,0.0012963011122980625,0.9111111111111111,1.0,0.03923101539933257,1.0,6144
2,0.0,deterministic,Sobol,x8,7,0.0009896173528821297,0.9111111111111111,1.0,0.03923101539933257,1.0,6144
2,0.0,deterministic,Sobol,x9,8,0.00098640866797698,0.9111111111111111,1.0,0.03923101539933257,1.0,6144
2,0.0,deterministic,Sobol,x10,9,0.0010319669649627083,0.9111111111111111,1.0,0.03923101539933257,1.0,6144
2,0.0,deterministic,GAS,x1,0,0.26391544662393207,0.8222222222222222,1.0,0.017162286876517305,1.0,5184
2,0.0,deterministic,GAS,x2,1,0.26265347596610716,0.8222222222222222,1.0,0.017162286876517305,1.0,5184
2,0.0,deterministic,GAS,x3,2,0.1556108894430618,0.8222222222222222,1.0,0.017162286876517305,1.0,5184
2,0.0,deterministic,GAS,x4,3,0.255568538961351,0.8222222222222222,1.0,0.017162286876517305,1.0,5184
2,0.0,deterministic,GAS,x5,4,0.06204687625178541,0.8222222222222222,1.0,0.017162286876517305,1.0,5184
2,0.0,deterministic,GAS,x6,5,0.00012264074066868093,0.8222222222222222,1.0,0.017162286876517305,1.0,5184
2,0.0,deterministic,GAS,x7,6,1.3209896725826798e-05,0.8222222222222222,1.0,0.017162286876517305,1.0,5184
2,0.0,deterministic,GAS,x8,7,4.035129652520363e-06,0.8222222222222222,1.0,0.017162286876517305,1.0,5184
2,0.0,deterministic,GAS,x9,8,4.2724695073534414e-05,0.8222222222222222,1.0,0.017162286876517305,1.0,5184
2,0.0,deterministic,GAS,x10,9,2.2162291641909237e-05,0.8222222222222222,1.0,0.017162286876517305,1.0,5184
2,0.0,deterministic,DGSM,x1,0,0.2884292691716231,0.8222222222222222,0.8,0.04805911045235897,1.0,5120
2,0.0,deterministic,DGSM,x2,1,0.2563093397154041,0.8222222222222222,0.8,0.04805911045235897,1.0,5120
2,0.0,deterministic,DGSM,x3,2,0.21103964779979675,0.8222222222222222,0.8,0.04805911045235897,1.0,5120
2,0.0,deterministic,DGSM,x4,3,0.1886334482328836,0.8222222222222222,0.8,0.04805911045235897,1.0,5120
2,0.0,deterministic,DGSM,x5,4,0.0485178194702547,0.8222222222222222,0.8,0.04805911045235897,1.0,5120
2,0.0,deterministic,DGSM,x6,5,0.0016282890427815496,0.8222222222222222,0.8,0.04805911045235897,1.0,5120
2,0.0,deterministic,DGSM,x7,6,0.001413159155623314,0.8222222222222222,0.8,0.04805911045235897,1.0,5120
2,0.0,deterministic,DGSM,x8,7,0.001270479084632592,0.8222222222222222,0.8,0.04805911045235897,1.0,5120
2,0.0,deterministic,DGSM,x9,8,0.0014664009747175394,0.8222222222222222,0.8,0.04805911045235897,1.0,5120
2,0.0,deterministic,DGSM,x10,9,0.0012921473522829181,0.8222222222222222,0.8,0.04805911045235897,1.0,5120
2,0.05,CRN,Sobol,x1,0,0.23261167118112128,0.9111111111111111,1.0,0.06116306019215782,1.0,6144
2,0.05,CRN,Sobol,x2,1,0.2816555770657617,0.9111111111111111,1.0,0.06116306019215782,1.0,6144
2,0.05,CRN,Sobol,x3,2,0.0851507907499369,0.9111111111111111,1.0,0.06116306019215782,1.0,6144
2,0.05,CRN,Sobol,x4,3,0.3217331961727631,0.9111111111111111,1.0,0.06116306019215782,1.0,6144
2,0.05,CRN,Sobol,x5,4,0.0740929457281329,0.9111111111111111,1.0,0.06116306019215782,1.0,6144
2,0.05,CRN,Sobol,x6,5,0.001238127477025113,0.9111111111111111,1.0,0.06116306019215782,1.0,6144
2,0.05,CRN,Sobol,x7,6,0.0009815676048274785,0.9111111111111111,1.0,0.06116306019215782,1.0,6144
2,0.05,CRN,Sobol,x8,7,0.000842792165356322,0.9111111111111111,1.0,0.06116306019215782,1.0,6144
2,0.05,CRN,Sobol,x9,8,0.0008921902648026466,0.9111111111111111,1.0,0.06116306019215782,1.0,6144
2,0.05,CRN,Sobol,x10,9,0.0008011415902724748,0.9111111111111111,1.0,0.06116306019215782,1.0,6144
2,0.05,CRN,GAS,x1,0,0.27714035339862564,0.7333333333333333,1.0,0.016486912427097627,1.0,5184
2,0.05,CRN,GAS,x2,1,0.26428874543657765,0.7333333333333333,1.0,0.016486912427097627,1.0,5184
2,0.05,CRN,GAS,x3,2,0.15337957921371875,0.7333333333333333,1.0,0.016486912427097627,1.0,5184
2,0.05,CRN,GAS,x4,3,0.2438512810280863,0.7333333333333333,1.0,0.016486912427097627,1.0,5184
2,0.05,CRN,GAS,x5,4,0.06122679148981015,0.7333333333333333,1.0,0.016486912427097627,1.0,5184
2,0.05,CRN,GAS,x6,5,1.9155425187242103e-05,0.7333333333333333,1.0,0.016486912427097627,1.0,5184
2,0.05,CRN,GAS,x7,6,2.2668167317835714e-05,0.7333333333333333,1.0,0.016486912427097627,1.0,5184
2,0.05,CRN,GAS,x8,7,2.405195115715715e-05,0.7333333333333333,1.0,0.016486912427097627,1.0,5184
2,0.05,CRN,GAS,x9,8,2.4312109124646365e-05,0.7333333333333333,1.0,0.016486912427097627,1.0,5184
2,0.05,CRN,GAS,x10,9,2.3061780394627628e-05,0.7333333333333333,1.0,0.016486912427097627,1.0,5184
2,0.05,CRN,DGSM,x1,0,0.24415019104378288,1.0,1.0,0.05309089455878737,1.0,5120
2,0.05,CRN,DGSM,x2,1,0.29060228102826324,1.0,1.0,0.05309089455878737,1.0,5120
2,0.05,CRN,DGSM,x3,2,0.2142022993222592,1.0,1.0,0.05309089455878737,1.0,5120
2,0.05,CRN,DGSM,x4,3,0.1931294139729156,1.0,1.0,0.05309089455878737,1.0,5120
2,0.05,CRN,DGSM,x5,4,0.050837582659094924,1.0,1.0,0.05309089455878737,1.0,5120
2,0.05,CRN,DGSM,x6,5,0.0017505918910566871,1.0,1.0,0.05309089455878737,1.0,5120
2,0.05,CRN,DGSM,x7,6,0.0017766205241130132,1.0,1.0,0.05309089455878737,1.0,5120
2,0.05,CRN,DGSM,x8,7,0.0011097556476970592,1.0,1.0,0.05309089455878737,1.0,5120
2,0.05,CRN,DGSM,x9,8,0.0013365862376680192,1.0,1.0,0.05309089455878737,1.0,5120
2,0.05,CRN,DGSM,x10,9,0.0011046776731493037,1.0,1.0,0.05309089455878737,1.0,5120
2,0.05,independent,Sobol,x1,0,0.22162031613158467,0.8222222222222222,1.0,0.0514666480970744,1.0,6144
2,0.05,independent,Sobol,x2,1,0.2506327578438218,0.8222222222222222,1.0,0.0514666480970744,1.0,6144
2,0.05,independent,Sobol,x3,2,0.09258102240951281,0.8222222222222222,1.0,0.0514666480970744,1.0,6144
2,0.05,independent,Sobol,x4,3,0.3296311745796268,0.8222222222222222,1.0,0.0514666480970744,1.0,6144
2,0.05,independent,Sobol,x5,4,0.08842201266992379,0.8222222222222222,1.0,0.0514666480970744,1.0,6144
2,0.05,independent,Sobol,x6,5,0.0035432843919552593,0.8222222222222222,1.0,0.0514666480970744,1.0,6144
2,0.05,independent,Sobol,x7,6,0.0032315886892503717,0.8222222222222222,1.0,0.0514666480970744,1.0,6144
2,0.05,independent,Sobol,x8,7,0.003439811831336132,0.8222222222222222,1.0,0.0514666480970744,1.0,6144
2,0.05,independent,Sobol,x9,8,0.0033955415024610343,0.8222222222222222,1.0,0.0514666480970744,1.0,6144
2,0.05,independent,Sobol,x10,9,0.003502489950527472,0.8222222222222222,1.0,0.0514666480970744,1.0,6144
2,0.05,independent,GAS,x1,0,0.22557181313731042,0.6,0.4,0.5100860154129105,0.8,5184
2,0.05,independent,GAS,x2,1,0.14602356297621202,0.6,0.4,0.5100860154129105,0.8,5184
2,0.05,independent,GAS,x3,2,0.16591432460648187,0.6,0.4,0.5100860154129105,0.8,5184
2,0.05,independent,GAS,x4,3,0.15416569149048484,0.6,0.4,0.5100860154129105,0.8,5184
2,0.05,independent,GAS,x5,4,0.07877797526809953,0.6,0.4,0.5100860154129105,0.8,5184
2,0.05,independent,GAS,x6,5,0.0636391329322703,0.6,0.4,0.5100860154129105,0.8,5184
2,0.05,independent,GAS,x7,6,9.834289649981876e-05,0.6,0.4,0.5100860154129105,0.8,5184
2,0.05,independent,GAS,x8,7,8.225817032442302e-05,0.6,0.4,0.5100860154129105,0.8,5184
2,0.05,independent,GAS,x9,8,0.10725147317278678,0.6,0.4,0.5100860154129105,0.8,5184
2,0.05,independent,GAS,x10,9,0.05847542534953013,0.6,0.4,0.5100860154129105,0.8,5184
2,0.05,independent,DGSM,x1,0,0.16607078058565264,0.6888888888888889,1.0,0.6327409020534107,1.0,5120
2,0.05,independent,DGSM,x2,1,0.17343238987404808,0.6888888888888889,1.0,0.6327409020534107,1.0,5120
2,0.05,independent,DGSM,x3,2,0.14717339411970656,0.6888888888888889,1.0,0.6327409020534107,1.0,5120
2,0.05,independent,DGSM,x4,3,0.14235038117083929,0.6888888888888889,1.0,0.6327409020534107,1.0,5120
2,0.05,independent,DGSM,x5,4,0.08412059328023117,0.6888888888888889,1.0,0.6327409020534107,1.0,5120
2,0.05,independent,DGSM,x6,5,0.05714166323376368,0.6888888888888889,1.0,0.6327409020534107,1.0,5120
2,0.05,independent,DGSM,x7,6,0.053774096946971196,0.6888888888888889,1.0,0.6327409020534107,1.0,5120
2,0.05,independent,DGSM,x8,7,0.05549590578167379,0.6888888888888889,1.0,0.6327409020534107,1.0,5120
2,0.05,independent,DGSM,x9,8,0.06239111891604419,0.6888888888888889,1.0,0.6327409020534107,1.0,5120
2,0.05,independent,DGSM,x10,9,0.05804967609106939,0.6888888888888889,1.0,0.6327409020534107,1.0,5120
2,0.15,CRN,Sobol,x1,0,0.26028131307111285,0.8222222222222222,0.8,0.038760937626575766,1.0,6144
2,0.15,CRN,Sobol,x2,1,0.23460339466027483,0.8222222222222222,0.8,0.038760937626575766,1.0,6144
2,0.15,CRN,Sobol,x3,2,0.08603295075123937,0.8222222222222222,0.8,0.038760937626575766,1.0,6144
2,0.15,CRN,Sobol,x4,3,0.33346913135558826,0.8222222222222222,0.8,0.038760937626575766,1.0,6144
2,0.15,CRN,Sobol,x5,4,0.08006349630723428,0.8222222222222222,0.8,0.038760937626575766,1.0,6144
2,0.15,CRN,Sobol,x6,5,0.0011820362943589808,0.8222222222222222,0.8,0.038760937626575766,1.0,6144
2,0.15,CRN,Sobol,x7,6,0.001071135736106175,0.8222222222222222,0.8,0.038760937626575766,1.0,6144
2,0.15,CRN,Sobol,x8,7,0.0010910894336100968,0.8222222222222222,0.8,0.038760937626575766,1.0,6144
2,0.15,CRN,Sobol,x9,8,0.0010430183378914166,0.8222222222222222,0.8,0.038760937626575766,1.0,6144
2,0.15,CRN,Sobol,x10,9,0.0011624340525836657,0.8222222222222222,0.8,0.038760937626575766,1.0,6144
2,0.15,CRN,GAS,x1,0,0.2314825138512171,0.6888888888888889,0.6,0.09875745019926348,1.0,5184
2,0.15,CRN,GAS,x2,1,0.2943810140182968,0.6888888888888889,0.6,0.09875745019926348,1.0,5184
2,0.15,CRN,GAS,x3,2,0.17656154083299347,0.6888888888888889,0.6,0.09875745019926348,1.0,5184
2,0.15,CRN,GAS,x4,3,0.2359042061084955,0.6888888888888889,0.6,0.09875745019926348,1.0,5184
2,0.15,CRN,GAS,x5,4,0.061539179392318566,0.6888888888888889,0.6,0.09875745019926348,1.0,5184
2,0.15,CRN,GAS,x6,5,2.629786040191009e-05,0.6888888888888889,0.6,0.09875745019926348,1.0,5184
2,0.15,CRN,GAS,x7,6,2.3035103358867403e-05,0.6888888888888889,0.6,0.09875745019926348,1.0,5184
2,0.15,CRN,GAS,x8,7,1.747045771058226e-05,0.6888888888888889,0.6,0.09875745019926348,1.0,5184
2,0.15,CRN,GAS,x9,8,4.9955230139505115e-05,0.6888888888888889,0.6,0.09875745019926348,1.0,5184
2,0.15,CRN,GAS,x10,9,1.4787145067712048e-05,0.6888888888888889,0.6,0.09875745019926348,1.0,5184
2,0.15,CRN,DGSM,x1,0,0.27451689105932375,0.9111111111111111,1.0,0.011164334162605573,1.0,5120
2,0.15,CRN,DGSM,x2,1,0.2755599207266685,0.9111111111111111,1.0,0.011164334162605573,1.0,5120
2,0.15,CRN,DGSM,x3,2,0.20767607293863782,0.9111111111111111,1.0,0.011164334162605573,1.0,5120
2,0.15,CRN,DGSM,x4,3,0.18794480852602055,0.9111111111111111,1.0,0.011164334162605573,1.0,5120
2,0.15,CRN,DGSM,x5,4,0.047689377009617735,0.9111111111111111,1.0,0.011164334162605573,1.0,5120
2,0.15,CRN,DGSM,x6,5,0.0015916106608783482,0.9111111111111111,1.0,0.011164334162605573,1.0,5120
2,0.15,CRN,DGSM,x7,6,0.0013910473376839473,0.9111111111111111,1.0,0.011164334162605573,1.0,5120
2,0.15,CRN,DGSM,x8,7,0.0010686790706349403,0.9111111111111111,1.0,0.011164334162605573,1.0,5120
2,0.15,CRN,DGSM,x9,8,0.0015401825524091362,0.9111111111111111,1.0,0.011164334162605573,1.0,5120
2,0.15,CRN,DGSM,x10,9,0.001021410118125166,0.9111111111111111,1.0,0.011164334162605573,1.0,5120
2,0.15,independent,Sobol,x1,0,0.2281883505246149,0.9555555555555556,0.8,0.18244724822618064,1.0,6144
2,0.15,independent,Sobol,x2,1,0.21055374947240452,0.9555555555555556,0.8,0.18244724822618064,1.0,6144
2,0.15,independent,Sobol,x3,2,0.09198750885977511,0.9555555555555556,0.8,0.18244724822618064,1.0,6144
2,0.15,independent,Sobol,x4,3,0.296765714022807,0.9555555555555556,0.8,0.18244724822618064,1.0,6144
2,0.15,independent,Sobol,x5,4,0.0864195567907416,0.9555555555555556,0.8,0.18244724822618064,1.0,6144
2,0.15,independent,Sobol,x6,5,0.017813198471509733,0.9555555555555556,0.8,0.18244724822618064,1.0,6144
2,0.15,independent,Sobol,x7,6,0.017698299072482878,0.9555555555555556,0.8,0.18244724822618064,1.0,6144
2,0.15,independent,Sobol,x8,7,0.0162017719522985,0.9555555555555556,0.8,0.18244724822618064,1.0,6144
2,0.15,independent,Sobol,x9,8,0.01673422984995171,0.9555555555555556,0.8,0.18244724822618064,1.0,6144
2,0.15,independent,Sobol,x10,9,0.017637620983414058,0.9555555555555556,0.8,0.18244724822618064,1.0,6144
2,0.15,independent,GAS,x1,0,0.10662082203047077,0.24444444444444444,0.2,0.9047562190858128,0.6,5184
2,0.15,independent,GAS,x2,1,0.15065498466158864,0.24444444444444444,0.2,0.9047562190858128,0.6,5184
2,0.15,independent,GAS,x3,2,0.07363215933129894,0.24444444444444444,0.2,0.9047562190858128,0.6,5184
2,0.15,independent,GAS,x4,3,0.15499209667964822,0.24444444444444444,0.2,0.9047562190858128,0.6,5184
2,0.15,independent,GAS,x5,4,0.08029879920052539,0.24444444444444444,0.2,0.9047562190858128,0.6,5184
2,0.15,independent,GAS,x6,5,0.08931220347056591,0.24444444444444444,0.2,0.9047562190858128,0.6,5184
2,0.15,independent,GAS,x7,6,0.07270479035883193,0.24444444444444444,0.2,0.9047562190858128,0.6,5184
2,0.15,independent,GAS,x8,7,0.09771433932710782,0.24444444444444444,0.2,0.9047562190858128,0.6,5184
2,0.15,independent,GAS,x9,8,0.0001819030237381624,0.24444444444444444,0.2,0.9047562190858128,0.6,5184
2,0.15,independent,GAS,x10,9,0.1738879019162243,0.24444444444444444,0.2,0.9047562190858128,0.6,5184
2,0.15,independent,DGSM,x1,0,0.11243553654138673,0.5111111111111111,0.4,1.0373923899599762,0.6,5120
2,0.15,independent,DGSM,x2,1,0.09911104622440099,0.5111111111111111,0.4,1.0373923899599762,0.6,5120
2,0.15,independent,DGSM,x3,2,0.11007295016625315,0.5111111111111111,0.4,1.0373923899599762,0.6,5120
2,0.15,independent,DGSM,x4,3,0.10508166886492286,0.5111111111111111,0.4,1.0373923899599762,0.6,5120
2,0.15,independent,DGSM,x5,4,0.09820741784662804,0.5111111111111111,0.4,1.0373923899599762,0.6,5120
2,0.15,independent,DGSM,x6,5,0.08641533152964438,0.5111111111111111,0.4,1.0373923899599762,0.6,5120
2,0.15,independent,DGSM,x7,6,0.101055186890123,0.5111111111111111,0.4,1.0373923899599762,0.6,5120
2,0.15,independent,DGSM,x8,7,0.09999036456920866,0.5111111111111111,0.4,1.0373923899599762,0.6,5120
2,0.15,independent,DGSM,x9,8,0.09737071972657528,0.5111111111111111,0.4,1.0373923899599762,0.6,5120
2,0.15,independent,DGSM,x10,9,0.09025977764085681,0.5111111111111111,0.4,1.0373923899599762,0.6,5120
3,0.0,deterministic,Sobol,x1,0,0.27264207768195275,0.9111111111111111,0.8,0.05518158590607525,1.0,6144
3,0.0,deterministic,Sobol,x2,1,0.2527866266643489,0.9111111111111111,0.8,0.05518158590607525,1.0,6144
3,0.0,deterministic,Sobol,x3,2,0.08518437917824542,0.9111111111111111,0.8,0.05518158590607525,1.0,6144
3,0.0,deterministic,Sobol,x4,3,0.30689632563135977,0.9111111111111111,0.8,0.05518158590607525,1.0,6144
3,0.0,deterministic,Sobol,x5,4,0.07736949224791992,0.9111111111111111,0.8,0.05518158590607525,1.0,6144
3,0.0,deterministic,Sobol,x6,5,0.001127385612954666,0.9111111111111111,0.8,0.05518158590607525,1.0,6144
3,0.0,deterministic,Sobol,x7,6,0.0011489866987356935,0.9111111111111111,0.8,0.05518158590607525,1.0,6144
3,0.0,deterministic,Sobol,x8,7,0.0008792946103814172,0.9111111111111111,0.8,0.05518158590607525,1.0,6144
3,0.0,deterministic,Sobol,x9,8,0.0009716834133095335,0.9111111111111111,0.8,0.05518158590607525,1.0,6144
3,0.0,deterministic,Sobol,x10,9,0.0009937482607920687,0.9111111111111111,0.8,0.05518158590607525,1.0,6144
3,0.0,deterministic,GAS,x1,0,0.29325357380219413,0.8222222222222222,0.8,0.09019850053172232,1.0,5184
3,0.0,deterministic,GAS,x2,1,0.23061908829634092,0.8222222222222222,0.8,0.09019850053172232,1.0,5184
3,0.0,deterministic,GAS,x3,2,0.178297778201712,0.8222222222222222,0.8,0.09019850053172232,1.0,5184
3,0.0,deterministic,GAS,x4,3,0.2385999038528617,0.8222222222222222,0.8,0.09019850053172232,1.0,5184
3,0.0,deterministic,GAS,x5,4,0.05911801368860971,0.8222222222222222,0.8,0.09019850053172232,1.0,5184
3,0.0,deterministic,GAS,x6,5,4.60958055228122e-05,0.8222222222222222,0.8,0.09019850053172232,1.0,5184
3,0.0,deterministic,GAS,x7,6,1.2621835820535936e-05,0.8222222222222222,0.8,0.09019850053172232,1.0,5184
3,0.0,deterministic,GAS,x8,7,8.46233324443399e-06,0.8222222222222222,0.8,0.09019850053172232,1.0,5184
3,0.0,deterministic,GAS,x9,8,2.2221504220979266e-05,0.8222222222222222,0.8,0.09019850053172232,1.0,5184
3,0.0,deterministic,GAS,x10,9,2.224067947282474e-05,0.8222222222222222,0.8,0.09019850053172232,1.0,5184
3,0.0,deterministic,DGSM,x1,0,0.28255892095526236,0.8666666666666667,0.8,0.02448390362326066,1.0,5120
3,0.0,deterministic,DGSM,x2,1,0.27761438299358066,0.8666666666666667,0.8,0.02448390362326066,1.0,5120
3,0.0,deterministic,DGSM,x3,2,0.2018984077801658,0.8666666666666667,0.8,0.02448390362326066,1.0,5120
3,0.0,deterministic,DGSM,x4,3,0.18434503977013794,0.8666666666666667,0.8,0.02448390362326066,1.0,5120
3,0.0,deterministic,DGSM,x5,4,0.04697656656037731,0.8666666666666667,0.8,0.02448390362326066,1.0,5120
3,0.0,deterministic,DGSM,x6,5,0.001306127338228799,0.8666666666666667,0.8,0.02448390362326066,1.0,5120
3,0.0,deterministic,DGSM,x7,6,0.0013749570140196676,0.8666666666666667,0.8,0.02448390362326066,1.0,5120
3,0.0,deterministic,DGSM,x8,7,0.0012499401319062933,0.8666666666666667,0.8,0.02448390362326066,1.0,5120
3,0.0,deterministic,DGSM,x9,8,0.0015723588445704876,0.8666666666666667,0.8,0.02448390362326066,1.0,5120
3,0.0,deterministic,DGSM,x10,9,0.001103298611750665,0.8666666666666667,0.8,0.02448390362326066,1.0,5120
3,0.05,CRN,Sobol,x1,0,0.2602813130711129,0.8222222222222222,0.8,0.03876093762657588,1.0,6144
3,0.05,CRN,Sobol,x2,1,0.23460339466027486,0.8222222222222222,0.8,0.03876093762657588,1.0,6144
3,0.05,CRN,Sobol,x3,2,0.08603295075123941,0.8222222222222222,0.8,0.03876093762657588,1.0,6144
3,0.05,CRN,Sobol,x4,3,0.3334691313555883,0.8222222222222222,0.8,0.03876093762657588,1.0,6144
3,0.05,CRN,Sobol,x5,4,0.08006349630723429,0.8222222222222222,0.8,0.03876093762657588,1.0,6144
3,0.05,CRN,Sobol,x6,5,0.0011820362943589812,0.8222222222222222,0.8,0.03876093762657588,1.0,6144
3,0.05,CRN,Sobol,x7,6,0.0010711357361061751,0.8222222222222222,0.8,0.03876093762657588,1.0,6144
3,0.05,CRN,Sobol,x8,7,0.0010910894336100968,0.8222222222222222,0.8,0.03876093762657588,1.0,6144
3,0.05,CRN,Sobol,x9,8,0.0010430183378914168,0.8222222222222222,0.8,0.03876093762657588,1.0,6144
3,0.05,CRN,Sobol,x10,9,0.0011624340525836659,0.8222222222222222,0.8,0.03876093762657588,1.0,6144
3,0.05,CRN,GAS,x1,0,0.23148251385121704,0.6888888888888889,0.6,0.09875745019926385,1.0,5184
3,0.05,CRN,GAS,x2,1,0.2943810140182965,0.6888888888888889,0.6,0.09875745019926385,1.0,5184
3,0.05,CRN,GAS,x3,2,0.176561540832994,0.6888888888888889,0.6,0.09875745019926385,1.0,5184
3,0.05,CRN,GAS,x4,3,0.23590420610849547,0.6888888888888889,0.6,0.09875745019926385,1.0,5184
3,0.05,CRN,GAS,x5,4,0.06153917939231852,0.6888888888888889,0.6,0.09875745019926385,1.0,5184
3,0.05,CRN,GAS,x6,5,2.629786040191014e-05,0.6888888888888889,0.6,0.09875745019926385,1.0,5184
3,0.05,CRN,GAS,x7,6,2.303510335886837e-05,0.6888888888888889,0.6,0.09875745019926385,1.0,5184
3,0.05,CRN,GAS,x8,7,1.7470457710582106e-05,0.6888888888888889,0.6,0.09875745019926385,1.0,5184
3,0.05,CRN,GAS,x9,8,4.9955230139505616e-05,0.6888888888888889,0.6,0.09875745019926385,1.0,5184
3,0.05,CRN,GAS,x10,9,1.478714506771221e-05,0.6888888888888889,0.6,0.09875745019926385,1.0,5184
3,0.05,CRN,DGSM,x1,0,0.2745168910593238,0.9111111111111111,1.0,0.01116433416260568,1.0,5120
3,0.05,CRN,DGSM,x2,1,0.27555992072666846,0.9111111111111111,1.0,0.01116433416260568,1.0,5120
3,0.05,CRN,DGSM,x3,2,0.20767607293863774,0.9111111111111111,1.0,0.01116433416260568,1.0,5120
3,0.05,CRN,DGSM,x4,3,0.1879448085260205,0.9111111111111111,1.0,0.01116433416260568,1.0,5120
3,0.05,CRN,DGSM,x5,4,0.04768937700961777,0.9111111111111111,1.0,0.01116433416260568,1.0,5120
3,0.05,CRN,DGSM,x6,5,0.0015916106608783495,0.9111111111111111,1.0,0.01116433416260568,1.0,5120
3,0.05,CRN,DGSM,x7,6,0.0013910473376839484,0.9111111111111111,1.0,0.01116433416260568,1.0,5120
3,0.05,CRN,DGSM,x8,7,0.0010686790706349375,0.9111111111111111,1.0,0.01116433416260568,1.0,5120
3,0.05,CRN,DGSM,x9,8,0.0015401825524091388,0.9111111111111111,1.0,0.01116433416260568,1.0,5120
3,0.05,CRN,DGSM,x10,9,0.0010214101181251674,0.9111111111111111,1.0,0.01116433416260568,1.0,5120
3,0.05,independent,Sobol,x1,0,0.2467863818415976,0.9111111111111111,0.8,0.053822688787263574,1.0,6144
3,0.05,independent,Sobol,x2,1,0.2242886717887141,0.9111111111111111,0.8,0.053822688787263574,1.0,6144
3,0.05,independent,Sobol,x3,2,0.0903530459986619,0.9111111111111111,0.8,0.053822688787263574,1.0,6144
3,0.05,independent,Sobol,x4,3,0.3351303841316265,0.9111111111111111,0.8,0.053822688787263574,1.0,6144
3,0.05,independent,Sobol,x5,4,0.08730939630801697,0.9111111111111111,0.8,0.053822688787263574,1.0,6144
3,0.05,independent,Sobol,x6,5,0.0035629599898220564,0.9111111111111111,0.8,0.053822688787263574,1.0,6144
3,0.05,independent,Sobol,x7,6,0.003250898858631739,0.9111111111111111,0.8,0.053822688787263574,1.0,6144
3,0.05,independent,Sobol,x8,7,0.002845559603236362,0.9111111111111111,0.8,0.053822688787263574,1.0,6144
3,0.05,independent,Sobol,x9,8,0.003185355027156443,0.9111111111111111,0.8,0.053822688787263574,1.0,6144
3,0.05,independent,Sobol,x10,9,0.0032873464525361423,0.9111111111111111,0.8,0.053822688787263574,1.0,6144
3,0.05,independent,GAS,x1,0,0.1779913173748402,0.6444444444444445,0.6,0.47210173362010277,0.8,5184
3,0.05,independent,GAS,x2,1,0.22230669208557355,0.6444444444444445,0.6,0.47210173362010277,0.8,5184
3,0.05,independent,GAS,x3,2,0.10639115995592756,0.6444444444444445,0.6,0.47210173362010277,0.8,5184
3,0.05,independent,GAS,x4,3,0.19553813601952025,0.6444444444444445,0.6,0.47210173362010277,0.8,5184
3,0.05,independent,GAS,x5,4,0.07501242792097913,0.6444444444444445,0.6,0.47210173362010277,0.8,5184
3,0.05,independent,GAS,x6,5,0.05499333393896823,0.6444444444444445,0.6,0.47210173362010277,0.8,5184
3,0.05,independent,GAS,x7,6,0.0001487167591042701,0.6444444444444445,0.6,0.47210173362010277,0.8,5184
3,0.05,independent,GAS,x8,7,0.06044653558638843,0.6444444444444445,0.6,0.47210173362010277,0.8,5184
3,0.05,independent,GAS,x9,8,5.094020753715753e-05,0.6444444444444445,0.6,0.47210173362010277,0.8,5184
3,0.05,independent,GAS,x10,9,0.10712074015116123,0.6444444444444445,0.6,0.47210173362010277,0.8,5184
3,0.05,independent,DGSM,x1,0,0.17642332817323844,0.7777777777777778,0.8,0.6817309169687055,1.0,5120
3,0.05,independent,DGSM,x2,1,0.1626835627065699,0.7777777777777778,0.8,0.6817309169687055,1.0,5120
3,0.05,independent,DGSM,x3,2,0.1366267057295248,0.7777777777777778,0.8,0.6817309169687055,1.0,5120
3,0.05,independent,DGSM,x4,3,0.12879834168326607,0.7777777777777778,0.8,0.6817309169687055,1.0,5120
3,0.05,independent,DGSM,x5,4,0.08281636461344284,0.7777777777777778,0.8,0.6817309169687055,1.0,5120
3,0.05,independent,DGSM,x6,5,0.05756966674384631,0.7777777777777778,0.8,0.6817309169687055,1.0,5120
3,0.05,independent,DGSM,x7,6,0.06646185812392201,0.7777777777777778,0.8,0.6817309169687055,1.0,5120
3,0.05,independent,DGSM,x8,7,0.06587042409999332,0.7777777777777778,0.8,0.6817309169687055,1.0,5120
3,0.05,independent,DGSM,x9,8,0.06347546479000415,0.7777777777777778,0.8,0.6817309169687055,1.0,5120
3,0.05,independent,DGSM,x10,9,0.059274283336192335,0.7777777777777778,0.8,0.6817309169687055,1.0,5120
3,0.15,CRN,Sobol,x1,0,0.239826451588046,0.9111111111111111,1.0,0.02888029414218454,1.0,6144
3,0.15,CRN,Sobol,x2,1,0.2654893693993308,0.9111111111111111,1.0,0.02888029414218454,1.0,6144
3,0.15,CRN,Sobol,x3,2,0.08515801459317662,0.9111111111111111,1.0,0.02888029414218454,1.0,6144
3,0.15,CRN,Sobol,x4,3,0.32702018453240056,0.9111111111111111,1.0,0.02888029414218454,1.0,6144
3,0.15,CRN,Sobol,x5,4,0.07707348050569252,0.9111111111111111,1.0,0.02888029414218454,1.0,6144
3,0.15,CRN,Sobol,x6,5,0.001232479068885919,0.9111111111111111,1.0,0.02888029414218454,1.0,6144
3,0.15,CRN,Sobol,x7,6,0.0012260629529449935,0.9111111111111111,1.0,0.02888029414218454,1.0,6144
3,0.15,CRN,Sobol,x8,7,0.0009930048538187616,0.9111111111111111,1.0,0.02888029414218454,1.0,6144
3,0.15,CRN,Sobol,x9,8,0.0009957744042364425,0.9111111111111111,1.0,0.02888029414218454,1.0,6144
3,0.15,CRN,Sobol,x10,9,0.000985178101467302,0.9111111111111111,1.0,0.02888029414218454,1.0,6144
3,0.15,CRN,GAS,x1,0,0.26935904937498706,0.7777777777777778,0.8,0.032863907995870696,1.0,5184
3,0.15,CRN,GAS,x2,1,0.24777729109602456,0.7777777777777778,0.8,0.032863907995870696,1.0,5184
3,0.15,CRN,GAS,x3,2,0.17074254497042707,0.7777777777777778,0.8,0.032863907995870696,1.0,5184
3,0.15,CRN,GAS,x4,3,0.2493850734851966,0.7777777777777778,0.8,0.032863907995870696,1.0,5184
3,0.15,CRN,GAS,x5,4,0.06257249860209525,0.7777777777777778,0.8,0.032863907995870696,1.0,5184
3,0.15,CRN,GAS,x6,5,4.1835897210400527e-05,0.7777777777777778,0.8,0.032863907995870696,1.0,5184
3,0.15,CRN,GAS,x7,6,4.744363669535001e-05,0.7777777777777778,0.8,0.032863907995870696,1.0,5184
3,0.15,CRN,GAS,x8,7,3.5047469186378556e-05,0.7777777777777778,0.8,0.032863907995870696,1.0,5184
3,0.15,CRN,GAS,x9,8,8.32766474788721e-06,0.7777777777777778,0.8,0.032863907995870696,1.0,5184
3,0.15,CRN,GAS,x10,9,3.088780342948624e-05,0.7777777777777778,0.8,0.032863907995870696,1.0,5184
3,0.15,CRN,DGSM,x1,0,0.25093714498767944,1.0,1.0,0.06660036032475272,1.0,5120
3,0.15,CRN,DGSM,x2,1,0.3133386205749719,1.0,1.0,0.06660036032475272,1.0,5120
3,0.15,CRN,DGSM,x3,2,0.2008134076007438,1.0,1.0,0.06660036032475272,1.0,5120
3,0.15,CRN,DGSM,x4,3,0.18103044431237486,1.0,1.0,0.06660036032475272,1.0,5120
3,0.15,CRN,DGSM,x5,4,0.04729761409393987,1.0,1.0,0.06660036032475272,1.0,5120
3,0.15,CRN,DGSM,x6,5,0.0016086023703035036,1.0,1.0,0.06660036032475272,1.0,5120
3,0.15,CRN,DGSM,x7,6,0.0016362284116661695,1.0,1.0,0.06660036032475272,1.0,5120
3,0.15,CRN,DGSM,x8,7,0.0010879061371903427,1.0,1.0,0.06660036032475272,1.0,5120
3,0.15,CRN,DGSM,x9,8,0.0013019370178497006,1.0,1.0,0.06660036032475272,1.0,5120
3,0.15,CRN,DGSM,x10,9,0.0009480944932800904,1.0,1.0,0.06660036032475272,1.0,5120
3,0.15,independent,Sobol,x1,0,0.21244879059245106,0.8222222222222222,0.8,0.19298964974377458,1.0,6144
3,0.15,independent,Sobol,x2,1,0.23609517135991356,0.8222222222222222,0.8,0.19298964974377458,1.0,6144
3,0.15,independent,Sobol,x3,2,0.0884120488000952,0.8222222222222222,0.8,0.19298964974377458,1.0,6144
3,0.15,independent,Sobol,x4,3,0.2816926513086648,0.8222222222222222,0.8,0.19298964974377458,1.0,6144
3,0.15,independent,Sobol,x5,4,0.09063285701428771,0.8222222222222222,0.8,0.19298964974377458,1.0,6144
3,0.15,independent,Sobol,x6,5,0.018181979747816806,0.8222222222222222,0.8,0.19298964974377458,1.0,6144
3,0.15,independent,Sobol,x7,6,0.018038149823396,0.8222222222222222,0.8,0.19298964974377458,1.0,6144
3,0.15,independent,Sobol,x8,7,0.017865376520637178,0.8222222222222222,0.8,0.19298964974377458,1.0,6144
3,0.15,independent,Sobol,x9,8,0.016570217847605078,0.8222222222222222,0.8,0.19298964974377458,1.0,6144
3,0.15,independent,Sobol,x10,9,0.020062756985132563,0.8222222222222222,0.8,0.19298964974377458,1.0,6144
3,0.15,independent,GAS,x1,0,0.06412796492239463,0.022222222222222223,0.0,1.1490123843843092,0.4,5184
3,0.15,independent,GAS,x2,1,0.05004394297894515,0.022222222222222223,0.0,1.1490123843843092,0.4,5184
3,0.15,independent,GAS,x3,2,0.0711394639461268,0.022222222222222223,0.0,1.1490123843843092,0.4,5184
3,0.15,independent,GAS,x4,3,0.1822997825311055,0.022222222222222223,0.0,1.1490123843843092,0.4,5184
3,0.15,independent,GAS,x5,4,0.057872345671476415,0.022222222222222223,0.0,1.1490123843843092,0.4,5184
3,0.15,independent,GAS,x6,5,4.076413034421749e-06,0.022222222222222223,0.0,1.1490123843843092,0.4,5184
3,0.15,independent,GAS,x7,6,2.808628318644848e-05,0.022222222222222223,0.0,1.1490123843843092,0.4,5184
3,0.15,independent,GAS,x8,7,0.07545386827551172,0.022222222222222223,0.0,1.1490123843843092,0.4,5184
3,0.15,independent,GAS,x9,8,0.07022247463745573,0.022222222222222223,0.0,1.1490123843843092,0.4,5184
3,0.15,independent,GAS,x10,9,0.4288079943407631,0.022222222222222223,0.0,1.1490123843843092,0.4,5184
3,0.15,independent,DGSM,x1,0,0.10199870902400476,0.3333333333333333,0.6,1.0496840523687478,0.6,5120
3,0.15,independent,DGSM,x2,1,0.11730432005665155,0.3333333333333333,0.6,1.0496840523687478,0.6,5120
3,0.15,independent,DGSM,x3,2,0.1033433758056011,0.3333333333333333,0.6,1.0496840523687478,0.6,5120
3,0.15,independent,DGSM,x4,3,0.09790896570632056,0.3333333333333333,0.6,1.0496840523687478,0.6,5120
3,0.15,independent,DGSM,x5,4,0.10023995899531678,0.3333333333333333,0.6,1.0496840523687478,0.6,5120
3,0.15,independent,DGSM,x6,5,0.1082735475470115,0.3333333333333333,0.6,1.0496840523687478,0.6,5120
3,0.15,independent,DGSM,x7,6,0.08784821979836721,0.3333333333333333,0.6,1.0496840523687478,0.6,5120
3,0.15,independent,DGSM,x8,7,0.10693025871447431,0.3333333333333333,0.6,1.0496840523687478,0.6,5120
3,0.15,independent,DGSM,x9,8,0.0859820642946144,0.3333333333333333,0.6,1.0496840523687478,0.6,5120
3,0.15,independent,DGSM,x10,9,0.09017058005763781,0.3333333333333333,0.6,1.0496840523687478,0.6,5120
4,0.0,deterministic,Sobol,x1,0,0.24755633011188333,0.9111111111111111,1.0,0.018439394409737922,1.0,6144
4,0.0,deterministic,Sobol,x2,1,0.2521358903625909,0.9111111111111111,1.0,0.018439394409737922,1.0,6144
4,0.0,deterministic,Sobol,x3,2,0.09203672752187635,0.9111111111111111,1.0,0.018439394409737922,1.0,6144
4,0.0,deterministic,Sobol,x4,3,0.31988431138613865,0.9111111111111111,1.0,0.018439394409737922,1.0,6144
4,0.0,deterministic,Sobol,x5,4,0.08231630954351281,0.9111111111111111,1.0,0.018439394409737922,1.0,6144
4,0.0,deterministic,Sobol,x6,5,0.0014497950473336308,0.9111111111111111,1.0,0.018439394409737922,1.0,6144
4,0.0,deterministic,Sobol,x7,6,0.001236651126560748,0.9111111111111111,1.0,0.018439394409737922,1.0,6144
4,0.0,deterministic,Sobol,x8,7,0.001024843401871146,0.9111111111111111,1.0,0.018439394409737922,1.0,6144
4,0.0,deterministic,Sobol,x9,8,0.0012846180082920935,0.9111111111111111,1.0,0.018439394409737922,1.0,6144
4,0.0,deterministic,Sobol,x10,9,0.0010745234899403493,0.9111111111111111,1.0,0.018439394409737922,1.0,6144
4,0.0,deterministic,GAS,x1,0,0.20339634170364926,0.6888888888888889,0.6,0.19337838283728442,1.0,5184
4,0.0,deterministic,GAS,x2,1,0.33500653206615877,0.6888888888888889,0.6,0.19337838283728442,1.0,5184
4,0.0,deterministic,GAS,x3,2,0.18321239515442497,0.6888888888888889,0.6,0.19337838283728442,1.0,5184
4,0.0,deterministic,GAS,x4,3,0.22360162066814446,0.6888888888888889,0.6,0.19337838283728442,1.0,5184
4,0.0,deterministic,GAS,x5,4,0.05461747066122684,0.6888888888888889,0.6,0.19337838283728442,1.0,5184
4,0.0,deterministic,GAS,x6,5,3.181340734893533e-05,0.6888888888888889,0.6,0.19337838283728442,1.0,5184
4,0.0,deterministic,GAS,x7,6,5.6315184510901944e-05,0.6888888888888889,0.6,0.19337838283728442,1.0,5184
4,0.0,deterministic,GAS,x8,7,4.187776549857726e-05,0.6888888888888889,0.6,0.19337838283728442,1.0,5184
4,0.0,deterministic,GAS,x9,8,6.473102782459395e-06,0.6888888888888889,0.6,0.19337838283728442,1.0,5184
4,0.0,deterministic,GAS,x10,9,2.9160286254548103e-05,0.6888888888888889,0.6,0.19337838283728442,1.0,5184
4,0.0,deterministic,DGSM,x1,0,0.2708660912643984,1.0,1.0,0.006819332560146392,1.0,5120
4,0.0,deterministic,DGSM,x2,1,0.27758455246303754,1.0,1.0,0.006819332560146392,1.0,5120
4,0.0,deterministic,DGSM,x3,2,0.21037992601964428,1.0,1.0,0.006819332560146392,1.0,5120
4,0.0,deterministic,DGSM,x4,3,0.1873692810406773,1.0,1.0,0.006819332560146392,1.0,5120
4,0.0,deterministic,DGSM,x5,4,0.04764192461371705,1.0,1.0,0.006819332560146392,1.0,5120
4,0.0,deterministic,DGSM,x6,5,0.0013786761421148905,1.0,1.0,0.006819332560146392,1.0,5120
4,0.0,deterministic,DGSM,x7,6,0.0014521171036769923,1.0,1.0,0.006819332560146392,1.0,5120
4,0.0,deterministic,DGSM,x8,7,0.001092400609943927,1.0,1.0,0.006819332560146392,1.0,5120
4,0.0,deterministic,DGSM,x9,8,0.0012760659086026266,1.0,1.0,0.006819332560146392,1.0,5120
4,0.0,deterministic,DGSM,x10,9,0.0009589648341871456,1.0,1.0,0.006819332560146392,1.0,5120
4,0.05,CRN,Sobol,x1,0,0.239826451588046,0.9111111111111111,1.0,0.028880294142184626,1.0,6144
4,0.05,CRN,Sobol,x2,1,0.2654893693993309,0.9111111111111111,1.0,0.028880294142184626,1.0,6144
4,0.05,CRN,Sobol,x3,2,0.08515801459317661,0.9111111111111111,1.0,0.028880294142184626,1.0,6144
4,0.05,CRN,Sobol,x4,3,0.3270201845324005,0.9111111111111111,1.0,0.028880294142184626,1.0,6144
4,0.05,CRN,Sobol,x5,4,0.07707348050569253,0.9111111111111111,1.0,0.028880294142184626,1.0,6144
4,0.05,CRN,Sobol,x6,5,0.0012324790688859185,0.9111111111111111,1.0,0.028880294142184626,1.0,6144
4,0.05,CRN,Sobol,x7,6,0.001226062952944994,0.9111111111111111,1.0,0.028880294142184626,1.0,6144
4,0.05,CRN,Sobol,x8,7,0.0009930048538187618,0.9111111111111111,1.0,0.028880294142184626,1.0,6144
4,0.05,CRN,Sobol,x9,8,0.0009957744042364425,0.9111111111111111,1.0,0.028880294142184626,1.0,6144
4,0.05,CRN,Sobol,x10,9,0.0009851781014673018,0.9111111111111111,1.0,0.028880294142184626,1.0,6144
4,0.05,CRN,GAS,x1,0,0.2693590493749873,0.7777777777777778,0.8,0.03286390799587079,1.0,5184
4,0.05,CRN,GAS,x2,1,0.2477772910960245,0.7777777777777778,0.8,0.03286390799587079,1.0,5184
4,0.05,CRN,GAS,x3,2,0.17074254497042693,0.7777777777777778,0.8,0.03286390799587079,1.0,5184
4,0.05,CRN,GAS,x4,3,0.24938507348519656,0.7777777777777778,0.8,0.03286390799587079,1.0,5184
4,0.05,CRN,GAS,x5,4,0.06257249860209524,0.7777777777777778,0.8,0.03286390799587079,1.0,5184
4,0.05,CRN,GAS,x6,5,4.183589721040028e-05,0.7777777777777778,0.8,0.03286390799587079,1.0,5184
4,0.05,CRN,GAS,x7,6,4.744363669534996e-05,0.7777777777777778,0.8,0.03286390799587079,1.0,5184
4,0.05,CRN,GAS,x8,7,3.504746918637659e-05,0.7777777777777778,0.8,0.03286390799587079,1.0,5184
4,0.05,CRN,GAS,x9,8,8.327664747887197e-06,0.7777777777777778,0.8,0.03286390799587079,1.0,5184
4,0.05,CRN,GAS,x10,9,3.088780342948622e-05,0.7777777777777778,0.8,0.03286390799587079,1.0,5184
4,0.05,CRN,DGSM,x1,0,0.2509371449876795,1.0,1.0,0.0666003603247526,1.0,5120
4,0.05,CRN,DGSM,x2,1,0.3133386205749719,1.0,1.0,0.0666003603247526,1.0,5120
4,0.05,CRN,DGSM,x3,2,0.20081340760074387,1.0,1.0,0.0666003603247526,1.0,5120
4,0.05,CRN,DGSM,x4,3,0.18103044431237483,1.0,1.0,0.0666003603247526,1.0,5120
4,0.05,CRN,DGSM,x5,4,0.04729761409393989,1.0,1.0,0.0666003603247526,1.0,5120
4,0.05,CRN,DGSM,x6,5,0.001608602370303503,1.0,1.0,0.0666003603247526,1.0,5120
4,0.05,CRN,DGSM,x7,6,0.0016362284116661703,1.0,1.0,0.0666003603247526,1.0,5120
4,0.05,CRN,DGSM,x8,7,0.0010879061371903422,1.0,1.0,0.0666003603247526,1.0,5120
4,0.05,CRN,DGSM,x9,8,0.0013019370178497,1.0,1.0,0.0666003603247526,1.0,5120
4,0.05,CRN,DGSM,x10,9,0.0009480944932800883,1.0,1.0,0.0666003603247526,1.0,5120
4,0.05,independent,Sobol,x1,0,0.22756015125750584,0.8222222222222222,0.8,0.06238798548801495,1.0,6144
4,0.05,independent,Sobol,x2,1,0.26232657916901064,0.8222222222222222,0.8,0.06238798548801495,1.0,6144
4,0.05,independent,Sobol,x3,2,0.08679372400675359,0.8222222222222222,0.8,0.06238798548801495,1.0,6144
4,0.05,independent,Sobol,x4,3,0.31678834895934954,0.8222222222222222,0.8,0.06238798548801495,1.0,6144
4,0.05,independent,Sobol,x5,4,0.09000663973995593,0.8222222222222222,0.8,0.06238798548801495,1.0,6144
4,0.05,independent,Sobol,x6,5,0.0035337872513062168,0.8222222222222222,0.8,0.06238798548801495,1.0,6144
4,0.05,independent,Sobol,x7,6,0.0033315102938884264,0.8222222222222222,0.8,0.06238798548801495,1.0,6144
4,0.05,independent,Sobol,x8,7,0.003172429842585925,0.8222222222222222,0.8,0.06238798548801495,1.0,6144
4,0.05,independent,Sobol,x9,8,0.0028616535475316273,0.8222222222222222,0.8,0.06238798548801495,1.0,6144
4,0.05,independent,Sobol,x10,9,0.0036251759321123535,0.8222222222222222,0.8,0.06238798548801495,1.0,6144
4,0.05,independent,GAS,x1,0,0.11289144045133094,0.4222222222222222,0.6,0.9017222552602813,0.8,5184
4,0.05,independent,GAS,x2,1,0.09306415441766004,0.4222222222222222,0.6,0.9017222552602813,0.8,5184
4,0.05,independent,GAS,x3,2,0.088211114760779,0.4222222222222222,0.6,0.9017222552602813,0.8,5184
4,0.05,independent,GAS,x4,3,0.19601195390253448,0.4222222222222222,0.6,0.9017222552602813,0.8,5184
4,0.05,independent,GAS,x5,4,0.05894817531862829,0.4222222222222222,0.6,0.9017222552602813,0.8,5184
4,0.05,independent,GAS,x6,5,1.6129246716231447e-05,0.4222222222222222,0.6,0.9017222552602813,0.8,5184
4,0.05,independent,GAS,x7,6,3.9383828884190586e-05,0.4222222222222222,0.6,0.9017222552602813,0.8,5184
4,0.05,independent,GAS,x8,7,0.059324640149321796,0.4222222222222222,0.6,0.9017222552602813,0.8,5184
4,0.05,independent,GAS,x9,8,0.05531705539129694,0.4222222222222222,0.6,0.9017222552602813,0.8,5184
4,0.05,independent,GAS,x10,9,0.3361759525328482,0.4222222222222222,0.6,0.9017222552602813,0.8,5184
4,0.05,independent,DGSM,x1,0,0.1584705163269658,0.7333333333333333,1.0,0.6723249020743096,1.0,5120
4,0.05,independent,DGSM,x2,1,0.17019754279283092,0.7333333333333333,1.0,0.6723249020743096,1.0,5120
4,0.05,independent,DGSM,x3,2,0.1409577201231873,0.7333333333333333,1.0,0.6723249020743096,1.0,5120
4,0.05,independent,DGSM,x4,3,0.13960916649681313,0.7333333333333333,1.0,0.6723249020743096,1.0,5120
4,0.05,independent,DGSM,x5,4,0.08302186811353243,0.7333333333333333,1.0,0.6723249020743096,1.0,5120
4,0.05,independent,DGSM,x6,5,0.06904780500837242,0.7333333333333333,1.0,0.6723249020743096,1.0,5120
4,0.05,independent,DGSM,x7,6,0.05672071657250409,0.7333333333333333,1.0,0.6723249020743096,1.0,5120
4,0.05,independent,DGSM,x8,7,0.06930395923444387,0.7333333333333333,1.0,0.6723249020743096,1.0,5120
4,0.05,independent,DGSM,x9,8,0.05573778461345542,0.7333333333333333,1.0,0.6723249020743096,1.0,5120
4,0.05,independent,DGSM,x10,9,0.05693292071789473,0.7333333333333333,1.0,0.6723249020743096,1.0,5120
4,0.15,CRN,Sobol,x1,0,0.2593641781495254,0.9111111111111111,0.8,0.027626550926908994,1.0,6144
4,0.15,CRN,Sobol,x2,1,0.2508722657319157,0.9111111111111111,0.8,0.027626550926908994,1.0,6144
4,0.15,CRN,Sobol,x3,2,0.08626769006904335,0.9111111111111111,0.8,0.027626550926908994,1.0,6144
4,0.15,CRN,Sobol,x4,3,0.3236860589891314,0.9111111111111111,0.8,0.027626550926908994,1.0,6144
4,0.15,CRN,Sobol,x5,4,0.07467089158135108,0.9111111111111111,0.8,0.027626550926908994,1.0,6144
4,0.15,CRN,Sobol,x6,5,0.0012334180246554207,0.9111111111111111,0.8,0.027626550926908994,1.0,6144
4,0.15,CRN,Sobol,x7,6,0.001223214799081508,0.9111111111111111,0.8,0.027626550926908994,1.0,6144
4,0.15,CRN,Sobol,x8,7,0.0009177329467890556,0.9111111111111111,0.8,0.027626550926908994,1.0,6144
4,0.15,CRN,Sobol,x9,8,0.0008405289486746784,0.9111111111111111,0.8,0.027626550926908994,1.0,6144
4,0.15,CRN,Sobol,x10,9,0.0009240207598321168,0.9111111111111111,0.8,0.027626550926908994,1.0,6144
4,0.15,CRN,GAS,x1,0,0.222626140968454,0.6888888888888889,0.6,0.09290294494699051,1.0,5184
4,0.15,CRN,GAS,x2,1,0.2827118374009088,0.6888888888888889,0.6,0.09290294494699051,1.0,5184
4,0.15,CRN,GAS,x3,2,0.17121774186029212,0.6888888888888889,0.6,0.09290294494699051,1.0,5184
4,0.15,CRN,GAS,x4,3,0.25832989362802977,0.6888888888888889,0.6,0.09290294494699051,1.0,5184
4,0.15,CRN,GAS,x5,4,0.06484943378480411,0.6888888888888889,0.6,0.09290294494699051,1.0,5184
4,0.15,CRN,GAS,x6,5,3.5821965775173804e-05,0.6888888888888889,0.6,0.09290294494699051,1.0,5184
4,0.15,CRN,GAS,x7,6,5.39459300899611e-05,0.6888888888888889,0.6,0.09290294494699051,1.0,5184
4,0.15,CRN,GAS,x8,7,8.583665723794568e-05,0.6888888888888889,0.6,0.09290294494699051,1.0,5184
4,0.15,CRN,GAS,x9,8,5.677229477127126e-05,0.6888888888888889,0.6,0.09290294494699051,1.0,5184
4,0.15,CRN,GAS,x10,9,3.257550963669842e-05,0.6888888888888889,0.6,0.09290294494699051,1.0,5184
4,0.15,CRN,DGSM,x1,0,0.2719175121051248,1.0,1.0,0.03183694067530855,1.0,5120
4,0.15,CRN,DGSM,x2,1,0.2946213515954714,1.0,1.0,0.03183694067530855,1.0,5120
4,0.15,CRN,DGSM,x3,2,0.19924131835280182,1.0,1.0,0.03183694067530855,1.0,5120
4,0.15,CRN,DGSM,x4,3,0.1810194515851794,1.0,1.0,0.03183694067530855,1.0,5120
4,0.15,CRN,DGSM,x5,4,0.04656489731490626,1.0,1.0,0.03183694067530855,1.0,5120
4,0.15,CRN,DGSM,x6,5,0.0014467911665926299,1.0,1.0,0.03183694067530855,1.0,5120
4,0.15,CRN,DGSM,x7,6,0.0016071673415649927,1.0,1.0,0.03183694067530855,1.0,5120
4,0.15,CRN,DGSM,x8,7,0.0012627182075521642,1.0,1.0,0.03183694067530855,1.0,5120
4,0.15,CRN,DGSM,x9,8,0.0013337939412470128,1.0,1.0,0.03183694067530855,1.0,5120
4,0.15,CRN,DGSM,x10,9,0.0009849983895593845,1.0,1.0,0.03183694067530855,1.0,5120
4,0.15,independent,Sobol,x1,0,0.2241266153631273,0.6888888888888889,0.8,0.2194610275343875,1.0,6144
4,0.15,independent,Sobol,x2,1,0.23904158433644043,0.6888888888888889,0.8,0.2194610275343875,1.0,6144
4,0.15,independent,Sobol,x3,2,0.08908730522478407,0.6888888888888889,0.8,0.2194610275343875,1.0,6144
4,0.15,independent,Sobol,x4,3,0.2538327246661553,0.6888888888888889,0.8,0.2194610275343875,1.0,6144
4,0.15,independent,Sobol,x5,4,0.09699752638769088,0.6888888888888889,0.8,0.2194610275343875,1.0,6144
4,0.15,independent,Sobol,x6,5,0.02032711218551805,0.6888888888888889,0.8,0.2194610275343875,1.0,6144
4,0.15,independent,Sobol,x7,6,0.01858115336022838,0.6888888888888889,0.8,0.2194610275343875,1.0,6144
4,0.15,independent,Sobol,x8,7,0.019567850915849096,0.6888888888888889,0.8,0.2194610275343875,1.0,6144
4,0.15,independent,Sobol,x9,8,0.019538455684429044,0.6888888888888889,0.8,0.2194610275343875,1.0,6144
4,0.15,independent,Sobol,x10,9,0.01889967187577757,0.6888888888888889,0.8,0.2194610275343875,1.0,6144
4,0.15,independent,GAS,x1,0,0.09569064908950829,0.2,0.0,1.0003507412439592,0.8,5184
4,0.15,independent,GAS,x2,1,0.17385987217311524,0.2,0.0,1.0003507412439592,0.8,5184
4,0.15,independent,GAS,x3,2,0.09350507235676855,0.2,0.0,1.0003507412439592,0.8,5184
4,0.15,independent,GAS,x4,3,0.07504720800454132,0.2,0.0,1.0003507412439592,0.8,5184
4,0.15,independent,GAS,x5,4,0.1298754699990443,0.2,0.0,1.0003507412439592,0.8,5184
4,0.15,independent,GAS,x6,5,0.07730586313990312,0.2,0.0,1.0003507412439592,0.8,5184
4,0.15,independent,GAS,x7,6,0.0842284500860966,0.2,0.0,1.0003507412439592,0.8,5184
4,0.15,independent,GAS,x8,7,0.0007731415596719118,0.2,0.0,1.0003507412439592,0.8,5184
4,0.15,independent,GAS,x9,8,0.07352375402240445,0.2,0.0,1.0003507412439592,0.8,5184
4,0.15,independent,GAS,x10,9,0.19619051956894623,0.2,0.0,1.0003507412439592,0.8,5184
4,0.15,independent,DGSM,x1,0,0.10343178110350688,0.2,-0.2,1.0433214899090821,0.8,5120
4,0.15,independent,DGSM,x2,1,0.09531854146822581,0.2,-0.2,1.0433214899090821,0.8,5120
4,0.15,independent,DGSM,x3,2,0.11657549224013077,0.2,-0.2,1.0433214899090821,0.8,5120
4,0.15,independent,DGSM,x4,3,0.10841083701054736,0.2,-0.2,1.0433214899090821,0.8,5120
4,0.15,independent,DGSM,x5,4,0.10336906817330024,0.2,-0.2,1.0433214899090821,0.8,5120
4,0.15,independent,DGSM,x6,5,0.09464651719204789,0.2,-0.2,1.0433214899090821,0.8,5120
4,0.15,independent,DGSM,x7,6,0.09057116367683621,0.2,-0.2,1.0433214899090821,0.8,5120
4,0.15,independent,DGSM,x8,7,0.10275219593494664,0.2,-0.2,1.0433214899090821,0.8,5120
4,0.15,independent,DGSM,x9,8,0.08031583434161987,0.2,-0.2,1.0433214899090821,0.8,5120
4,0.15,independent,DGSM,x10,9,0.10460856885883832,0.2,-0.2,1.0433214899090821,0.8,5120
5,0.0,deterministic,Sobol,x1,0,0.26354170084163353,0.8222222222222222,0.6,0.03518107250438963,1.0,6144
5,0.0,deterministic,Sobol,x2,1,0.24980548450465015,0.8222222222222222,0.6,0.03518107250438963,1.0,6144
5,0.0,deterministic,Sobol,x3,2,0.08094099533149422,0.8222222222222222,0.6,0.03518107250438963,1.0,6144
5,0.0,deterministic,Sobol,x4,3,0.31691336251765523,0.8222222222222222,0.6,0.03518107250438963,1.0,6144
5,0.0,deterministic,Sobol,x5,4,0.08331470015219204,0.8222222222222222,0.6,0.03518107250438963,1.0,6144
5,0.0,deterministic,Sobol,x6,5,0.0013175453027797102,0.8222222222222222,0.6,0.03518107250438963,1.0,6144
5,0.0,deterministic,Sobol,x7,6,0.001087275103795264,0.8222222222222222,0.6,0.03518107250438963,1.0,6144
5,0.0,deterministic,Sobol,x8,7,0.0009617351458512,0.8222222222222222,0.6,0.03518107250438963,1.0,6144
5,0.0,deterministic,Sobol,x9,8,0.0011448030868975267,0.8222222222222222,0.6,0.03518107250438963,1.0,6144
5,0.0,deterministic,Sobol,x10,9,0.0009723980130510532,0.8222222222222222,0.6,0.03518107250438963,1.0,6144
5,0.0,deterministic,GAS,x1,0,0.23657058924351015,0.6444444444444445,0.6,0.08386180514671895,1.0,5184
5,0.0,deterministic,GAS,x2,1,0.2881492240535617,0.6444444444444445,0.6,0.08386180514671895,1.0,5184
5,0.0,deterministic,GAS,x3,2,0.17539016715079683,0.6444444444444445,0.6,0.08386180514671895,1.0,5184
5,0.0,deterministic,GAS,x4,3,0.23934097749067185,0.6444444444444445,0.6,0.08386180514671895,1.0,5184
5,0.0,deterministic,GAS,x5,4,0.060462155144121454,0.6444444444444445,0.6,0.08386180514671895,1.0,5184
5,0.0,deterministic,GAS,x6,5,6.834116082913805e-06,0.6444444444444445,0.6,0.08386180514671895,1.0,5184
5,0.0,deterministic,GAS,x7,6,1.0038944831793747e-05,0.6444444444444445,0.6,0.08386180514671895,1.0,5184
5,0.0,deterministic,GAS,x8,7,1.745004808585766e-05,0.6444444444444445,0.6,0.08386180514671895,1.0,5184
5,0.0,deterministic,GAS,x9,8,3.61153689612859e-05,0.6444444444444445,0.6,0.08386180514671895,1.0,5184
5,0.0,deterministic,GAS,x10,9,1.644843937625803e-05,0.6444444444444445,0.6,0.08386180514671895,1.0,5184
5,0.0,deterministic,DGSM,x1,0,0.2720105315983466,0.9555555555555556,1.0,0.024543404816470233,1.0,5120
5,0.0,deterministic,DGSM,x2,1,0.29074144461860213,0.9555555555555556,1.0,0.024543404816470233,1.0,5120
5,0.0,deterministic,DGSM,x3,2,0.1988815735867927,0.9555555555555556,1.0,0.024543404816470233,1.0,5120
5,0.0,deterministic,DGSM,x4,3,0.1841781343115192,0.9555555555555556,1.0,0.024543404816470233,1.0,5120
5,0.0,deterministic,DGSM,x5,4,0.04749182780730045,0.9555555555555556,1.0,0.024543404816470233,1.0,5120
5,0.0,deterministic,DGSM,x6,5,0.0016774183425874703,0.9555555555555556,1.0,0.024543404816470233,1.0,5120
5,0.0,deterministic,DGSM,x7,6,0.001622894666371049,0.9555555555555556,1.0,0.024543404816470233,1.0,5120
5,0.0,deterministic,DGSM,x8,7,0.0011040190522159177,0.9555555555555556,1.0,0.024543404816470233,1.0,5120
5,0.0,deterministic,DGSM,x9,8,0.0013264716858431592,0.9555555555555556,1.0,0.024543404816470233,1.0,5120
5,0.0,deterministic,DGSM,x10,9,0.0009656843304213231,0.9555555555555556,1.0,0.024543404816470233,1.0,5120
5,0.05,CRN,Sobol,x1,0,0.25936417814952545,0.9111111111111111,0.8,0.027626550926908827,1.0,6144
5,0.05,CRN,Sobol,x2,1,0.2508722657319158,0.9111111111111111,0.8,0.027626550926908827,1.0,6144
5,0.05,CRN,Sobol,x3,2,0.08626769006904338,0.9111111111111111,0.8,0.027626550926908827,1.0,6144
5,0.05,CRN,Sobol,x4,3,0.3236860589891315,0.9111111111111111,0.8,0.027626550926908827,1.0,6144
5,0.05,CRN,Sobol,x5,4,0.07467089158135111,0.9111111111111111,0.8,0.027626550926908827,1.0,6144
5,0.05,CRN,Sobol,x6,5,0.0012334180246554212,0.9111111111111111,0.8,0.027626550926908827,1.0,6144
5,0.05,CRN,Sobol,x7,6,0.0012232147990815089,0.9111111111111111,0.8,0.027626550926908827,1.0,6144
5,0.05,CRN,Sobol,x8,7,0.0009177329467890557,0.9111111111111111,0.8,0.027626550926908827,1.0,6144
5,0.05,CRN,Sobol,x9,8,0.0008405289486746787,0.9111111111111111,0.8,0.027626550926908827,1.0,6144
5,0.05,CRN,Sobol,x10,9,0.0009240207598321175,0.9111111111111111,0.8,0.027626550926908827,1.0,6144
5,0.05,CRN,GAS,x1,0,0.2226261409684536,0.6888888888888889,0.6,0.09290294494699142,1.0,5184
5,0.05,CRN,GAS,x2,1,0.282711837400909,0.6888888888888889,0.6,0.09290294494699142,1.0,5184
5,0.05,CRN,GAS,x3,2,0.1712177418602924,0.6888888888888889,0.6,0.09290294494699142,1.0,5184
5,0.05,CRN,GAS,x4,3,0.2583298936280299,0.6888888888888889,0.6,0.09290294494699142,1.0,5184
5,0.05,CRN,GAS,x5,4,0.06484943378480405,0.6888888888888889,0.6,0.09290294494699142,1.0,5184
5,0.05,CRN,GAS,x6,5,3.5821965775173086e-05,0.6888888888888889,0.6,0.09290294494699142,1.0,5184
5,0.05,CRN,GAS,x7,6,5.394593008996017e-05,0.6888888888888889,0.6,0.09290294494699142,1.0,5184
5,0.05,CRN,GAS,x8,7,8.583665723794549e-05,0.6888888888888889,0.6,0.09290294494699142,1.0,5184
5,0.05,CRN,GAS,x9,8,5.67722947712714e-05,0.6888888888888889,0.6,0.09290294494699142,1.0,5184
5,0.05,CRN,GAS,x10,9,3.257550963669813e-05,0.6888888888888889,0.6,0.09290294494699142,1.0,5184
5,0.05,CRN,DGSM,x1,0,0.2719175121051248,1.0,1.0,0.03183694067530848,1.0,5120
5,0.05,CRN,DGSM,x2,1,0.2946213515954714,1.0,1.0,0.03183694067530848,1.0,5120
5,0.05,CRN,DGSM,x3,2,0.19924131835280187,1.0,1.0,0.03183694067530848,1.0,5120
5,0.05,CRN,DGSM,x4,3,0.1810194515851794,1.0,1.0,0.03183694067530848,1.0,5120
5,0.05,CRN,DGSM,x5,4,0.04656489731490628,1.0,1.0,0.03183694067530848,1.0,5120
5,0.05,CRN,DGSM,x6,5,0.00144679116659263,1.0,1.0,0.03183694067530848,1.0,5120
5,0.05,CRN,DGSM,x7,6,0.0016071673415649936,1.0,1.0,0.03183694067530848,1.0,5120
5,0.05,CRN,DGSM,x8,7,0.0012627182075521633,1.0,1.0,0.03183694067530848,1.0,5120
5,0.05,CRN,DGSM,x9,8,0.001333793941247014,1.0,1.0,0.03183694067530848,1.0,5120
5,0.05,CRN,DGSM,x10,9,0.0009849983895593817,1.0,1.0,0.03183694067530848,1.0,5120
5,0.05,independent,Sobol,x1,0,0.25202486409657715,0.7333333333333333,0.8,0.08506423151511984,1.0,6144
5,0.05,independent,Sobol,x2,1,0.2644339899885959,0.7333333333333333,0.8,0.08506423151511984,1.0,6144
5,0.05,independent,Sobol,x3,2,0.0875363562557751,0.7333333333333333,0.8,0.08506423151511984,1.0,6144
5,0.05,independent,Sobol,x4,3,0.2862129243514133,0.7333333333333333,0.8,0.08506423151511984,1.0,6144
5,0.05,independent,Sobol,x5,4,0.09191665559339748,0.7333333333333333,0.8,0.08506423151511984,1.0,6144
5,0.05,independent,Sobol,x6,5,0.00394961744685795,0.7333333333333333,0.8,0.08506423151511984,1.0,6144
5,0.05,independent,Sobol,x7,6,0.0032604458087109765,0.7333333333333333,0.8,0.08506423151511984,1.0,6144
5,0.05,independent,Sobol,x8,7,0.0036494668666632634,0.7333333333333333,0.8,0.08506423151511984,1.0,6144
5,0.05,independent,Sobol,x9,8,0.003702231162379622,0.7333333333333333,0.8,0.08506423151511984,1.0,6144
5,0.05,independent,Sobol,x10,9,0.0033134484296293656,0.7333333333333333,0.8,0.08506423151511984,1.0,6144
5,0.05,independent,GAS,x1,0,0.16444205997961675,0.6444444444444445,0.8,0.5337592270686559,0.8,5184
5,0.05,independent,GAS,x2,1,0.22987345001643766,0.6444444444444445,0.8,0.5337592270686559,0.8,5184
5,0.05,independent,GAS,x3,2,0.12129162853701567,0.6444444444444445,0.8,0.5337592270686559,0.8,5184
5,0.05,independent,GAS,x4,3,0.1557914201785149,0.6444444444444445,0.8,0.5337592270686559,0.8,5184
5,0.05,independent,GAS,x5,4,0.10690788263087955,0.6444444444444445,0.8,0.5337592270686559,0.8,5184
5,0.05,independent,GAS,x6,5,0.04817483840240905,0.6444444444444445,0.8,0.5337592270686559,0.8,5184
5,0.05,independent,GAS,x7,6,0.0523886557249757,0.6444444444444445,0.8,0.5337592270686559,0.8,5184
5,0.05,independent,GAS,x8,7,3.734447271562475e-05,0.6444444444444445,0.8,0.5337592270686559,0.8,5184
5,0.05,independent,GAS,x9,8,0.0004677264301598961,0.6444444444444445,0.8,0.5337592270686559,0.8,5184
5,0.05,independent,GAS,x10,9,0.12062499362727519,0.6444444444444445,0.8,0.5337592270686559,0.8,5184
5,0.05,independent,DGSM,x1,0,0.1661272709805317,0.6,0.8,0.6650859681518975,1.0,5120
5,0.05,independent,DGSM,x2,1,0.15688911146210377,0.6,0.8,0.6650859681518975,1.0,5120
5,0.05,independent,DGSM,x3,2,0.15495678007420693,0.6,0.8,0.6650859681518975,1.0,5120
5,0.05,independent,DGSM,x4,3,0.13488125018416075,0.6,0.8,0.6650859681518975,1.0,5120
5,0.05,independent,DGSM,x5,4,0.08086054781080716,0.6,0.8,0.6650859681518975,1.0,5120
5,0.05,independent,DGSM,x6,5,0.06164598987859209,0.6,0.8,0.6650859681518975,1.0,5120
5,0.05,independent,DGSM,x7,6,0.058794325095911266,0.6,0.8,0.6650859681518975,1.0,5120
5,0.05,independent,DGSM,x8,7,0.06597634876457195,0.6,0.8,0.6650859681518975,1.0,5120
5,0.05,independent,DGSM,x9,8,0.052292037757924244,0.6,0.8,0.6650859681518975,1.0,5120
5,0.05,independent,DGSM,x10,9,0.06757633799119014,0.6,0.8,0.6650859681518975,1.0,5120
5,0.15,CRN,Sobol,x1,0,0.2636132495131304,0.9111111111111111,0.6,0.043223784413216906,1.0,6144
5,0.15,CRN,Sobol,x2,1,0.2506388136917994,0.9111111111111111,0.6,0.043223784413216906,1.0,6144
5,0.15,CRN,Sobol,x3,2,0.08504622707263727,0.9111111111111111,0.6,0.043223784413216906,1.0,6144
5,0.15,CRN,Sobol,x4,3,0.30768327938261925,0.9111111111111111,0.6,0.043223784413216906,1.0,6144
5,0.15,CRN,Sobol,x5,4,0.08680598755641833,0.9111111111111111,0.6,0.043223784413216906,1.0,6144
5,0.15,CRN,Sobol,x6,5,0.0013884070453827975,0.9111111111111111,0.6,0.043223784413216906,1.0,6144
5,0.15,CRN,Sobol,x7,6,0.0013249741785114771,0.9111111111111111,0.6,0.043223784413216906,1.0,6144
5,0.15,CRN,Sobol,x8,7,0.0011175673052676528,0.9111111111111111,0.6,0.043223784413216906,1.0,6144
5,0.15,CRN,Sobol,x9,8,0.001186707512299118,0.9111111111111111,0.6,0.043223784413216906,1.0,6144
5,0.15,CRN,Sobol,x10,9,0.0011947867419343139,0.9111111111111111,0.6,0.043223784413216906,1.0,6144
5,0.15,CRN,GAS,x1,0,0.2834277892844276,0.7777777777777778,1.0,0.02901504832663259,1.0,5184
5,0.15,CRN,GAS,x2,1,0.25417123845495215,0.7777777777777778,1.0,0.02901504832663259,1.0,5184
5,0.15,CRN,GAS,x3,2,0.15639216873971415,0.7777777777777778,1.0,0.02901504832663259,1.0,5184
5,0.15,CRN,GAS,x4,3,0.24500135139854784,0.7777777777777778,1.0,0.02901504832663259,1.0,5184
5,0.15,CRN,GAS,x5,4,0.06083807028259344,0.7777777777777778,1.0,0.02901504832663259,1.0,5184
5,0.15,CRN,GAS,x6,5,1.849683249757394e-05,0.7777777777777778,1.0,0.02901504832663259,1.0,5184
5,0.15,CRN,GAS,x7,6,1.0794205674479538e-05,0.7777777777777778,1.0,0.02901504832663259,1.0,5184
5,0.15,CRN,GAS,x8,7,2.5090875911072137e-05,0.7777777777777778,1.0,0.02901504832663259,1.0,5184
5,0.15,CRN,GAS,x9,8,2.8763253217299832e-05,0.7777777777777778,1.0,0.02901504832663259,1.0,5184
5,0.15,CRN,GAS,x10,9,8.62366724642887e-05,0.7777777777777778,1.0,0.02901504832663259,1.0,5184
5,0.15,CRN,DGSM,x1,0,0.25180495522986496,0.8666666666666667,1.0,0.039123019566260284,1.0,5120
5,0.15,CRN,DGSM,x2,1,0.28019838695081517,0.8666666666666667,1.0,0.039123019566260284,1.0,5120
5,0.15,CRN,DGSM,x3,2,0.22548074064496182,0.8666666666666667,1.0,0.039123019566260284,1.0,5120
5,0.15,CRN,DGSM,x4,3,0.18859829089640529,0.8666666666666667,1.0,0.039123019566260284,1.0,5120
5,0.15,CRN,DGSM,x5,4,0.04788697010525428,0.8666666666666667,1.0,0.039123019566260284,1.0,5120
5,0.15,CRN,DGSM,x6,5,0.0012670448295111795,0.8666666666666667,1.0,0.039123019566260284,1.0,5120
5,0.15,CRN,DGSM,x7,6,0.0012947835076684985,0.8666666666666667,1.0,0.039123019566260284,1.0,5120
5,0.15,CRN,DGSM,x8,7,0.0012998660334880053,0.8666666666666667,1.0,0.039123019566260284,1.0,5120
5,0.15,CRN,DGSM,x9,8,0.0012001912995404764,0.8666666666666667,1.0,0.039123019566260284,1.0,5120
5,0.15,CRN,DGSM,x10,9,0.0009687705024903338,0.8666666666666667,1.0,0.039123019566260284,1.0,5120
5,0.15,independent,Sobol,x1,0,0.23571929607702022,0.9111111111111111,0.8,0.17440152048698104,1.0,6144
5,0.15,independent,Sobol,x2,1,0.2160840222563108,0.9111111111111111,0.8,0.17440152048698104,1.0,6144
5,0.15,independent,Sobol,x3,2,0.0904071318010307,0.9111111111111111,0.8,0.17440152048698104,1.0,6144
5,0.15,independent,Sobol,x4,3,0.2912113093981684,0.9111111111111111,0.8,0.17440152048698104,1.0,6144
5,0.15,independent,Sobol,x5,4,0.0791800886530994,0.9111111111111111,0.8,0.17440152048698104,1.0,6144
5,0.15,independent,Sobol,x6,5,0.017900322514855037,0.9111111111111111,0.8,0.17440152048698104,1.0,6144
5,0.15,independent,Sobol,x7,6,0.018097864703935755,0.9111111111111111,0.8,0.17440152048698104,1.0,6144
5,0.15,independent,Sobol,x8,7,0.016290184334625226,0.9111111111111111,0.8,0.17440152048698104,1.0,6144
5,0.15,independent,Sobol,x9,8,0.017362625553460968,0.9111111111111111,0.8,0.17440152048698104,1.0,6144
5,0.15,independent,Sobol,x10,9,0.017747154707493423,0.9111111111111111,0.8,0.17440152048698104,1.0,6144
5,0.15,independent,GAS,x1,0,0.15433301660969453,0.15555555555555556,-0.2,0.9823334387723076,0.6,5184
5,0.15,independent,GAS,x2,1,0.07757721188643356,0.15555555555555556,-0.2,0.9823334387723076,0.6,5184
5,0.15,independent,GAS,x3,2,0.14269799664492336,0.15555555555555556,-0.2,0.9823334387723076,0.6,5184
5,0.15,independent,GAS,x4,3,0.07250322771870765,0.15555555555555556,-0.2,0.9823334387723076,0.6,5184
5,0.15,independent,GAS,x5,4,0.19233098254704883,0.15555555555555556,-0.2,0.9823334387723076,0.6,5184
5,0.15,independent,GAS,x6,5,0.13077277283177344,0.15555555555555556,-0.2,0.9823334387723076,0.6,5184
5,0.15,independent,GAS,x7,6,0.15043918925164682,0.15555555555555556,-0.2,0.9823334387723076,0.6,5184
5,0.15,independent,GAS,x8,7,2.1403421868780064e-05,0.15555555555555556,-0.2,0.9823334387723076,0.6,5184
5,0.15,independent,GAS,x9,8,0.0003803546621003161,0.15555555555555556,-0.2,0.9823334387723076,0.6,5184
5,0.15,independent,GAS,x10,9,0.07894384442580261,0.15555555555555556,-0.2,0.9823334387723076,0.6,5184
5,0.15,independent,DGSM,x1,0,0.10284218107523875,0.5111111111111111,0.4,1.0126246276864386,0.8,5120
5,0.15,independent,DGSM,x2,1,0.123015133137522,0.5111111111111111,0.4,1.0126246276864386,0.8,5120
5,0.15,independent,DGSM,x3,2,0.1036936707643303,0.5111111111111111,0.4,1.0126246276864386,0.8,5120
5,0.15,independent,DGSM,x4,3,0.10953409795664153,0.5111111111111111,0.4,1.0126246276864386,0.8,5120
5,0.15,independent,DGSM,x5,4,0.09606806336769928,0.5111111111111111,0.4,1.0126246276864386,0.8,5120
5,0.15,independent,DGSM,x6,5,0.0927097883084953,0.5111111111111111,0.4,1.0126246276864386,0.8,5120
5,0.15,independent,DGSM,x7,6,0.09114802584994106,0.5111111111111111,0.4,1.0126246276864386,0.8,5120
5,0.15,independent,DGSM,x8,7,0.10431818781541721,0.5111111111111111,0.4,1.0126246276864386,0.8,5120
5,0.15,independent,DGSM,x9,8,0.08658897995399761,0.5111111111111111,0.4,1.0126246276864386,0.8,5120
5,0.15,independent,DGSM,x10,9,0.09008187177071697,0.5111111111111111,0.4,1.0126246276864386,0.8,5120
6,0.0,deterministic,Sobol,x1,0,0.25928988924023627,0.9111111111111111,0.8,0.03666213673521654,1.0,6144
6,0.0,deterministic,Sobol,x2,1,0.2553439096028402,0.9111111111111111,0.8,0.03666213673521654,1.0,6144
6,0.0,deterministic,Sobol,x3,2,0.08655027805845682,0.9111111111111111,0.8,0.03666213673521654,1.0,6144
6,0.0,deterministic,Sobol,x4,3,0.3184412706154194,0.9111111111111111,0.8,0.03666213673521654,1.0,6144
6,0.0,deterministic,Sobol,x5,4,0.0749349434085738,0.9111111111111111,0.8,0.03666213673521654,1.0,6144
6,0.0,deterministic,Sobol,x6,5,0.0011736042975266446,0.9111111111111111,0.8,0.03666213673521654,1.0,6144
6,0.0,deterministic,Sobol,x7,6,0.0013729820767972314,0.9111111111111111,0.8,0.03666213673521654,1.0,6144
6,0.0,deterministic,Sobol,x8,7,0.0008137042451855914,0.9111111111111111,0.8,0.03666213673521654,1.0,6144
6,0.0,deterministic,Sobol,x9,8,0.0010323979104781375,0.9111111111111111,0.8,0.03666213673521654,1.0,6144
6,0.0,deterministic,Sobol,x10,9,0.0010470205444858569,0.9111111111111111,0.8,0.03666213673521654,1.0,6144
6,0.0,deterministic,GAS,x1,0,0.26224650393073107,0.5111111111111111,0.8,0.0831383794948981,1.0,5184
6,0.0,deterministic,GAS,x2,1,0.2965565731633382,0.5111111111111111,0.8,0.0831383794948981,1.0,5184
6,0.0,deterministic,GAS,x3,2,0.16659789400176248,0.5111111111111111,0.8,0.0831383794948981,1.0,5184
6,0.0,deterministic,GAS,x4,3,0.21940804497832925,0.5111111111111111,0.8,0.0831383794948981,1.0,5184
6,0.0,deterministic,GAS,x5,4,0.05508088579515358,0.5111111111111111,0.8,0.0831383794948981,1.0,5184
6,0.0,deterministic,GAS,x6,5,6.773767299969802e-06,0.5111111111111111,0.8,0.0831383794948981,1.0,5184
6,0.0,deterministic,GAS,x7,6,3.979664065145636e-05,0.5111111111111111,0.8,0.0831383794948981,1.0,5184
6,0.0,deterministic,GAS,x8,7,9.179502980156406e-06,0.5111111111111111,0.8,0.0831383794948981,1.0,5184
6,0.0,deterministic,GAS,x9,8,3.87808887790148e-05,0.5111111111111111,0.8,0.0831383794948981,1.0,5184
6,0.0,deterministic,GAS,x10,9,1.5567330974900446e-05,0.5111111111111111,0.8,0.0831383794948981,1.0,5184
6,0.0,deterministic,DGSM,x1,0,0.269776824586873,0.8222222222222222,0.8,0.03443663187922132,1.0,5120
6,0.0,deterministic,DGSM,x2,1,0.26384030932078356,0.8222222222222222,0.8,0.03443663187922132,1.0,5120
6,0.0,deterministic,DGSM,x3,2,0.22161966069012184,0.8222222222222222,0.8,0.03443663187922132,1.0,5120
6,0.0,deterministic,DGSM,x4,3,0.18915415415745943,0.8222222222222222,0.8,0.03443663187922132,1.0,5120
6,0.0,deterministic,DGSM,x5,4,0.04859690277458025,0.8222222222222222,0.8,0.03443663187922132,1.0,5120
6,0.0,deterministic,DGSM,x6,5,0.0014943833913583881,0.8222222222222222,0.8,0.03443663187922132,1.0,5120
6,0.0,deterministic,DGSM,x7,6,0.0015569673277132082,0.8222222222222222,0.8,0.03443663187922132,1.0,5120
6,0.0,deterministic,DGSM,x8,7,0.0011346954430788332,0.8222222222222222,0.8,0.03443663187922132,1.0,5120
6,0.0,deterministic,DGSM,x9,8,0.0015665729544144635,0.8222222222222222,0.8,0.03443663187922132,1.0,5120
6,0.0,deterministic,DGSM,x10,9,0.0012595293536168542,0.8222222222222222,0.8,0.03443663187922132,1.0,5120
6,0.05,CRN,Sobol,x1,0,0.2636132495131304,0.9111111111111111,0.6,0.043223784413216934,1.0,6144
6,0.05,CRN,Sobol,x2,1,0.25063881369179936,0.9111111111111111,0.6,0.043223784413216934,1.0,6144
6,0.05,CRN,Sobol,x3,2,0.08504622707263726,0.9111111111111111,0.6,0.043223784413216934,1.0,6144
6,0.05,CRN,Sobol,x4,3,0.30768327938261925,0.9111111111111111,0.6,0.043223784413216934,1.0,6144
6,0.05,CRN,Sobol,x5,4,0.08680598755641832,0.9111111111111111,0.6,0.043223784413216934,1.0,6144
6,0.05,CRN,Sobol,x6,5,0.0013884070453827973,0.9111111111111111,0.6,0.043223784413216934,1.0,6144
6,0.05,CRN,Sobol,x7,6,0.0013249741785114778,0.9111111111111111,0.6,0.043223784413216934,1.0,6144
6,0.05,CRN,Sobol,x8,7,0.0011175673052676522,0.9111111111111111,0.6,0.043223784413216934,1.0,6144
6,0.05,CRN,Sobol,x9,8,0.0011867075122991176,0.9111111111111111,0.6,0.043223784413216934,1.0,6144
6,0.05,CRN,Sobol,x10,9,0.0011947867419343139,0.9111111111111111,0.6,0.043223784413216934,1.0,6144
6,0.05,CRN,GAS,x1,0,0.2834277892844277,0.7777777777777778,1.0,0.02901504832663271,1.0,5184
6,0.05,CRN,GAS,x2,1,0.2541712384549521,0.7777777777777778,1.0,0.02901504832663271,1.0,5184
6,0.05,CRN,GAS,x3,2,0.15639216873971426,0.7777777777777778,1.0,0.02901504832663271,1.0,5184
6,0.05,CRN,GAS,x4,3,0.24500135139854778,0.7777777777777778,1.0,0.02901504832663271,1.0,5184
6,0.05,CRN,GAS,x5,4,0.060838070282593436,0.7777777777777778,1.0,0.02901504832663271,1.0,5184
6,0.05,CRN,GAS,x6,5,1.8496832497574017e-05,0.7777777777777778,1.0,0.02901504832663271,1.0,5184
6,0.05,CRN,GAS,x7,6,1.0794205674479718e-05,0.7777777777777778,1.0,0.02901504832663271,1.0,5184
6,0.05,CRN,GAS,x8,7,2.5090875911071683e-05,0.7777777777777778,1.0,0.02901504832663271,1.0,5184
6,0.05,CRN,GAS,x9,8,2.8763253217299836e-05,0.7777777777777778,1.0,0.02901504832663271,1.0,5184
6,0.05,CRN,GAS,x10,9,8.623667246428836e-05,0.7777777777777778,1.0,0.02901504832663271,1.0,5184
6,0.05,CRN,DGSM,x1,0,0.25180495522986496,0.8666666666666667,1.0,0.03912301956626032,1.0,5120
6,0.05,CRN,DGSM,x2,1,0.28019838695081517,0.8666666666666667,1.0,0.03912301956626032,1.0,5120
6,0.05,CRN,DGSM,x3,2,0.2254807406449619,0.8666666666666667,1.0,0.03912301956626032,1.0,5120
6,0.05,CRN,DGSM,x4,3,0.18859829089640526,0.8666666666666667,1.0,0.03912301956626032,1.0,5120
6,0.05,CRN,DGSM,x5,4,0.04788697010525426,0.8666666666666667,1.0,0.03912301956626032,1.0,5120
6,0.05,CRN,DGSM,x6,5,0.0012670448295111793,0.8666666666666667,1.0,0.03912301956626032,1.0,5120
6,0.05,CRN,DGSM,x7,6,0.0012947835076684983,0.8666666666666667,1.0,0.03912301956626032,1.0,5120
6,0.05,CRN,DGSM,x8,7,0.0012998660334880045,0.8666666666666667,1.0,0.03912301956626032,1.0,5120
6,0.05,CRN,DGSM,x9,8,0.001200191299540477,0.8666666666666667,1.0,0.03912301956626032,1.0,5120
6,0.05,CRN,DGSM,x10,9,0.0009687705024903336,0.8666666666666667,1.0,0.03912301956626032,1.0,5120
6,0.05,independent,Sobol,x1,0,0.2579137475960792,0.9111111111111111,0.8,0.04936763171251011,1.0,6144
6,0.05,independent,Sobol,x2,1,0.24015715360584683,0.9111111111111111,0.8,0.04936763171251011,1.0,6144
6,0.05,independent,Sobol,x3,2,0.08771686308511396,0.9111111111111111,0.8,0.04936763171251011,1.0,6144
6,0.05,independent,Sobol,x4,3,0.3219478296761923,0.9111111111111111,0.8,0.04936763171251011,1.0,6144
6,0.05,independent,Sobol,x5,4,0.07580922463790558,0.9111111111111111,0.8,0.04936763171251011,1.0,6144
6,0.05,independent,Sobol,x6,5,0.003572882111364526,0.9111111111111111,0.8,0.04936763171251011,1.0,6144
6,0.05,independent,Sobol,x7,6,0.0035858193070984284,0.9111111111111111,0.8,0.04936763171251011,1.0,6144
6,0.05,independent,Sobol,x8,7,0.00300350624699676,0.9111111111111111,0.8,0.04936763171251011,1.0,6144
6,0.05,independent,Sobol,x9,8,0.003059014123811731,0.9111111111111111,0.8,0.04936763171251011,1.0,6144
6,0.05,independent,Sobol,x10,9,0.003233959609590715,0.9111111111111111,0.8,0.04936763171251011,1.0,6144
6,0.05,independent,GAS,x1,0,0.19603033228042915,0.4666666666666667,-0.2,0.6953615933594258,1.0,5184
6,0.05,independent,GAS,x2,1,0.12182652552073435,0.4666666666666667,-0.2,0.6953615933594258,1.0,5184
6,0.05,independent,GAS,x3,2,0.1487105182515572,0.4666666666666667,-0.2,0.6953615933594258,1.0,5184
6,0.05,independent,GAS,x4,3,0.12402999951347937,0.4666666666666667,-0.2,0.6953615933594258,1.0,5184
6,0.05,independent,GAS,x5,4,0.15461937369980175,0.4666666666666667,-0.2,0.6953615933594258,1.0,5184
6,0.05,independent,GAS,x6,5,0.09253213653868596,0.4666666666666667,-0.2,0.6953615933594258,1.0,5184
6,0.05,independent,GAS,x7,6,0.10626226253966511,0.4666666666666667,-0.2,0.6953615933594258,1.0,5184
6,0.05,independent,GAS,x8,7,4.6723676950918545e-05,0.4666666666666667,-0.2,0.6953615933594258,1.0,5184
6,0.05,independent,GAS,x9,8,7.999137014200072e-05,0.4666666666666667,-0.2,0.6953615933594258,1.0,5184
6,0.05,independent,GAS,x10,9,0.05586213660855429,0.4666666666666667,-0.2,0.6953615933594258,1.0,5184
6,0.05,independent,DGSM,x1,0,0.1648871169089028,0.7777777777777778,1.0,0.6481779808765935,1.0,5120
6,0.05,independent,DGSM,x2,1,0.1732966113249901,0.7777777777777778,1.0,0.6481779808765935,1.0,5120
6,0.05,independent,DGSM,x3,2,0.14208424694981073,0.7777777777777778,1.0,0.6481779808765935,1.0,5120
6,0.05,independent,DGSM,x4,3,0.14104043115495146,0.7777777777777778,1.0,0.6481779808765935,1.0,5120
6,0.05,independent,DGSM,x5,4,0.07776359857911944,0.7777777777777778,1.0,0.6481779808765935,1.0,5120
6,0.05,independent,DGSM,x6,5,0.05985804390975218,0.7777777777777778,1.0,0.6481779808765935,1.0,5120
6,0.05,independent,DGSM,x7,6,0.0587905226366319,0.7777777777777778,1.0,0.6481779808765935,1.0,5120
6,0.05,independent,DGSM,x8,7,0.06786062823920605,0.7777777777777778,1.0,0.6481779808765935,1.0,5120
6,0.05,independent,DGSM,x9,8,0.05599356159246307,0.7777777777777778,1.0,0.6481779808765935,1.0,5120
6,0.05,independent,DGSM,x10,9,0.05842523870417223,0.7777777777777778,1.0,0.6481779808765935,1.0,5120
6,0.15,CRN,Sobol,x1,0,0.24195665484254647,0.9111111111111111,1.0,0.023993231318626643,1.0,6144
6,0.15,CRN,Sobol,x2,1,0.26030420295358525,0.9111111111111111,1.0,0.023993231318626643,1.0,6144
6,0.15,CRN,Sobol,x3,2,0.08745173478265278,0.9111111111111111,1.0,0.023993231318626643,1.0,6144
6,0.15,CRN,Sobol,x4,3,0.32203038663520966,0.9111111111111111,1.0,0.023993231318626643,1.0,6144
6,0.15,CRN,Sobol,x5,4,0.08229794182873998,0.9111111111111111,1.0,0.023993231318626643,1.0,6144
6,0.15,CRN,Sobol,x6,5,0.0012801455845340192,0.9111111111111111,1.0,0.023993231318626643,1.0,6144
6,0.15,CRN,Sobol,x7,6,0.0013416467660456836,0.9111111111111111,1.0,0.023993231318626643,1.0,6144
6,0.15,CRN,Sobol,x8,7,0.0009326163552697489,0.9111111111111111,1.0,0.023993231318626643,1.0,6144
6,0.15,CRN,Sobol,x9,8,0.0012501192884790977,0.9111111111111111,1.0,0.023993231318626643,1.0,6144
6,0.15,CRN,Sobol,x10,9,0.0011545509629374694,0.9111111111111111,1.0,0.023993231318626643,1.0,6144
6,0.15,CRN,GAS,x1,0,0.23904867062491658,0.6888888888888889,0.8,0.0818180413321236,1.0,5184
6,0.15,CRN,GAS,x2,1,0.30263656207170175,0.6888888888888889,0.8,0.0818180413321236,1.0,5184
6,0.15,CRN,GAS,x3,2,0.1590168186898582,0.6888888888888889,0.8,0.0818180413321236,1.0,5184
6,0.15,CRN,GAS,x4,3,0.23663713892552424,0.6888888888888889,0.8,0.0818180413321236,1.0,5184
6,0.15,CRN,GAS,x5,4,0.06242232960842246,0.6888888888888889,0.8,0.0818180413321236,1.0,5184
6,0.15,CRN,GAS,x6,5,9.041175893729189e-05,0.6888888888888889,0.8,0.0818180413321236,1.0,5184
6,0.15,CRN,GAS,x7,6,5.269384963139638e-05,0.6888888888888889,0.8,0.0818180413321236,1.0,5184
6,0.15,CRN,GAS,x8,7,2.0943057764467755e-05,0.6888888888888889,0.8,0.0818180413321236,1.0,5184
6,0.15,CRN,GAS,x9,8,4.161783605998004e-05,0.6888888888888889,0.8,0.0818180413321236,1.0,5184
6,0.15,CRN,GAS,x10,9,3.281357718380569e-05,0.6888888888888889,0.8,0.0818180413321236,1.0,5184
6,0.15,CRN,DGSM,x1,0,0.28211676437487104,0.9111111111111111,0.8,0.05625328897671749,1.0,5120
6,0.15,CRN,DGSM,x2,1,0.25367540648667963,0.9111111111111111,0.8,0.05625328897671749,1.0,5120
6,0.15,CRN,DGSM,x3,2,0.22394259182698786,0.9111111111111111,0.8,0.05625328897671749,1.0,5120
6,0.15,CRN,DGSM,x4,3,0.1872652120008479,0.9111111111111111,0.8,0.05625328897671749,1.0,5120
6,0.15,CRN,DGSM,x5,4,0.046860428901682474,0.9111111111111111,0.8,0.05625328897671749,1.0,5120
6,0.15,CRN,DGSM,x6,5,0.0015389254276571998,0.9111111111111111,0.8,0.05625328897671749,1.0,5120
6,0.15,CRN,DGSM,x7,6,0.001370903245957864,0.9111111111111111,0.8,0.05625328897671749,1.0,5120
6,0.15,CRN,DGSM,x8,7,0.0010918828224525262,0.9111111111111111,0.8,0.05625328897671749,1.0,5120
6,0.15,CRN,DGSM,x9,8,0.0012661305252680904,0.9111111111111111,0.8,0.05625328897671749,1.0,5120
6,0.15,CRN,DGSM,x10,9,0.0008717543875953438,0.9111111111111111,0.8,0.05625328897671749,1.0,5120
6,0.15,independent,Sobol,x1,0,0.2210245893117741,0.7777777777777778,0.8,0.18840110268495303,1.0,6144
6,0.15,independent,Sobol,x2,1,0.20723995238534862,0.7777777777777778,0.8,0.18840110268495303,1.0,6144
6,0.15,independent,Sobol,x3,2,0.08591825536701107,0.7777777777777778,0.8,0.18840110268495303,1.0,6144
6,0.15,independent,Sobol,x4,3,0.3042663450933175,0.7777777777777778,0.8,0.18840110268495303,1.0,6144
6,0.15,independent,Sobol,x5,4,0.0831494884885602,0.7777777777777778,0.8,0.18840110268495303,1.0,6144
6,0.15,independent,Sobol,x6,5,0.02205811836921744,0.7777777777777778,0.8,0.18840110268495303,1.0,6144
6,0.15,independent,Sobol,x7,6,0.01884699830089117,0.7777777777777778,0.8,0.18840110268495303,1.0,6144
6,0.15,independent,Sobol,x8,7,0.019977983303539247,0.7777777777777778,0.8,0.18840110268495303,1.0,6144
6,0.15,independent,Sobol,x9,8,0.017968347174163884,0.7777777777777778,0.8,0.18840110268495303,1.0,6144
6,0.15,independent,Sobol,x10,9,0.019549922206176816,0.7777777777777778,0.8,0.18840110268495303,1.0,6144
6,0.15,independent,GAS,x1,0,0.19029792612568694,0.5111111111111111,0.8,0.8847692244082922,0.6,5184
6,0.15,independent,GAS,x2,1,0.16008967316346862,0.5111111111111111,0.8,0.8847692244082922,0.6,5184
6,0.15,independent,GAS,x3,2,0.09207321350927779,0.5111111111111111,0.8,0.8847692244082922,0.6,5184
6,0.15,independent,GAS,x4,3,0.06449953865042801,0.5111111111111111,0.8,0.8847692244082922,0.6,5184
6,0.15,independent,GAS,x5,4,0.050643002828066025,0.5111111111111111,0.8,0.8847692244082922,0.6,5184
6,0.15,independent,GAS,x6,5,0.3183171406777423,0.5111111111111111,0.8,0.8847692244082922,0.6,5184
6,0.15,independent,GAS,x7,6,0.04593393360166281,0.5111111111111111,0.8,0.8847692244082922,0.6,5184
6,0.15,independent,GAS,x8,7,0.0779395829997016,0.5111111111111111,0.8,0.8847692244082922,0.6,5184
6,0.15,independent,GAS,x9,8,0.00014384873771514306,0.5111111111111111,0.8,0.8847692244082922,0.6,5184
6,0.15,independent,GAS,x10,9,6.213970625097552e-05,0.5111111111111111,0.8,0.8847692244082922,0.6,5184
6,0.15,independent,DGSM,x1,0,0.11196212862070531,0.6888888888888889,0.6,0.9868866540888969,0.8,5120
6,0.15,independent,DGSM,x2,1,0.12167597428155852,0.6888888888888889,0.6,0.9868866540888969,0.8,5120
6,0.15,independent,DGSM,x3,2,0.10403304238333727,0.6888888888888889,0.6,0.9868866540888969,0.8,5120
6,0.15,independent,DGSM,x4,3,0.11428292444690229,0.6888888888888889,0.6,0.9868866540888969,0.8,5120
6,0.15,independent,DGSM,x5,4,0.0893398904847988,0.6888888888888889,0.6,0.9868866540888969,0.8,5120
6,0.15,independent,DGSM,x6,5,0.09642424088512225,0.6888888888888889,0.6,0.9868866540888969,0.8,5120
6,0.15,independent,DGSM,x7,6,0.08895336496623461,0.6888888888888889,0.6,0.9868866540888969,0.8,5120
6,0.15,independent,DGSM,x8,7,0.08635113418503798,0.6888888888888889,0.6,0.9868866540888969,0.8,5120
6,0.15,independent,DGSM,x9,8,0.1037426231375933,0.6888888888888889,0.6,0.9868866540888969,0.8,5120
6,0.15,independent,DGSM,x10,9,0.08323467660870963,0.6888888888888889,0.6,0.9868866540888969,0.8,5120
7,0.0,deterministic,Sobol,x1,0,0.25945750758566083,0.7777777777777778,0.8,0.04837812620227957,1.0,6144
7,0.0,deterministic,Sobol,x2,1,0.249403914869394,0.7777777777777778,0.8,0.04837812620227957,1.0,6144
7,0.0,deterministic,Sobol,x3,2,0.09382951130900145,0.7777777777777778,0.8,0.04837812620227957,1.0,6144
7,0.0,deterministic,Sobol,x4,3,0.3067116517781374,0.7777777777777778,0.8,0.04837812620227957,1.0,6144
7,0.0,deterministic,Sobol,x5,4,0.08539942810110558,0.7777777777777778,0.8,0.04837812620227957,1.0,6144
7,0.0,deterministic,Sobol,x6,5,0.0011483273132351101,0.7777777777777778,0.8,0.04837812620227957,1.0,6144
7,0.0,deterministic,Sobol,x7,6,0.001164258905497994,0.7777777777777778,0.8,0.04837812620227957,1.0,6144
7,0.0,deterministic,Sobol,x8,7,0.000985291924994123,0.7777777777777778,0.8,0.04837812620227957,1.0,6144
7,0.0,deterministic,Sobol,x9,8,0.0009684024398058012,0.7777777777777778,0.8,0.04837812620227957,1.0,6144
7,0.0,deterministic,Sobol,x10,9,0.0009317057731676062,0.7777777777777778,0.8,0.04837812620227957,1.0,6144
7,0.0,deterministic,GAS,x1,0,0.2653575683590352,0.6888888888888889,0.8,0.03775773247676384,1.0,5184
7,0.0,deterministic,GAS,x2,1,0.2712433117605026,0.6888888888888889,0.8,0.03775773247676384,1.0,5184
7,0.0,deterministic,GAS,x3,2,0.16920301078947939,0.6888888888888889,0.8,0.03775773247676384,1.0,5184
7,0.0,deterministic,GAS,x4,3,0.23357454295641783,0.6888888888888889,0.8,0.03775773247676384,1.0,5184
7,0.0,deterministic,GAS,x5,4,0.06049364689782797,0.6888888888888889,0.8,0.03775773247676384,1.0,5184
7,0.0,deterministic,GAS,x6,5,1.667045034019628e-05,0.6888888888888889,0.8,0.03775773247676384,1.0,5184
7,0.0,deterministic,GAS,x7,6,1.8640572501927458e-05,0.6888888888888889,0.8,0.03775773247676384,1.0,5184
7,0.0,deterministic,GAS,x8,7,5.290611307896384e-05,0.6888888888888889,0.8,0.03775773247676384,1.0,5184
7,0.0,deterministic,GAS,x9,8,2.119772264087278e-05,0.6888888888888889,0.8,0.03775773247676384,1.0,5184
7,0.0,deterministic,GAS,x10,9,1.850437817509097e-05,0.6888888888888889,0.8,0.03775773247676384,1.0,5184
7,0.0,deterministic,DGSM,x1,0,0.2596996001797416,0.9555555555555556,1.0,0.025610985742391738,1.0,5120
7,0.0,deterministic,DGSM,x2,1,0.28450264152808813,0.9555555555555556,1.0,0.025610985742391738,1.0,5120
7,0.0,deterministic,DGSM,x3,2,0.21652472522018343,0.9555555555555556,1.0,0.025610985742391738,1.0,5120
7,0.0,deterministic,DGSM,x4,3,0.18597151602510584,0.9555555555555556,1.0,0.025610985742391738,1.0,5120
7,0.0,deterministic,DGSM,x5,4,0.04689962311920264,0.9555555555555556,1.0,0.025610985742391738,1.0,5120
7,0.0,deterministic,DGSM,x6,5,0.0013693085194838991,0.9555555555555556,1.0,0.025610985742391738,1.0,5120
7,0.0,deterministic,DGSM,x7,6,0.0014252248655686384,0.9555555555555556,1.0,0.025610985742391738,1.0,5120
7,0.0,deterministic,DGSM,x8,7,0.0013157843013374346,0.9555555555555556,1.0,0.025610985742391738,1.0,5120
7,0.0,deterministic,DGSM,x9,8,0.0014226257808268336,0.9555555555555556,1.0,0.025610985742391738,1.0,5120
7,0.0,deterministic,DGSM,x10,9,0.0008689504604615723,0.9555555555555556,1.0,0.025610985742391738,1.0,5120
7,0.05,CRN,Sobol,x1,0,0.24195665484254641,0.9111111111111111,1.0,0.023993231318626695,1.0,6144
7,0.05,CRN,Sobol,x2,1,0.26030420295358525,0.9111111111111111,1.0,0.023993231318626695,1.0,6144
7,0.05,CRN,Sobol,x3,2,0.08745173478265278,0.9111111111111111,1.0,0.023993231318626695,1.0,6144
7,0.05,CRN,Sobol,x4,3,0.32203038663520966,0.9111111111111111,1.0,0.023993231318626695,1.0,6144
7,0.05,CRN,Sobol,x5,4,0.08229794182873998,0.9111111111111111,1.0,0.023993231318626695,1.0,6144
7,0.05,CRN,Sobol,x6,5,0.0012801455845340187,0.9111111111111111,1.0,0.023993231318626695,1.0,6144
7,0.05,CRN,Sobol,x7,6,0.0013416467660456832,0.9111111111111111,1.0,0.023993231318626695,1.0,6144
7,0.05,CRN,Sobol,x8,7,0.0009326163552697486,0.9111111111111111,1.0,0.023993231318626695,1.0,6144
7,0.05,CRN,Sobol,x9,8,0.0012501192884790977,0.9111111111111111,1.0,0.023993231318626695,1.0,6144
7,0.05,CRN,Sobol,x10,9,0.0011545509629374698,0.9111111111111111,1.0,0.023993231318626695,1.0,6144
7,0.05,CRN,GAS,x1,0,0.23904867062491658,0.6888888888888889,0.8,0.0818180413321234,1.0,5184
7,0.05,CRN,GAS,x2,1,0.3026365620717017,0.6888888888888889,0.8,0.0818180413321234,1.0,5184
7,0.05,CRN,GAS,x3,2,0.1590168186898581,0.6888888888888889,0.8,0.0818180413321234,1.0,5184
7,0.05,CRN,GAS,x4,3,0.23663713892552427,0.6888888888888889,0.8,0.0818180413321234,1.0,5184
7,0.05,CRN,GAS,x5,4,0.062422329608422464,0.6888888888888889,0.8,0.0818180413321234,1.0,5184
7,0.05,CRN,GAS,x6,5,9.041175893729189e-05,0.6888888888888889,0.8,0.0818180413321234,1.0,5184
7,0.05,CRN,GAS,x7,6,5.2693849631396215e-05,0.6888888888888889,0.8,0.0818180413321234,1.0,5184
7,0.05,CRN,GAS,x8,7,2.0943057764467633e-05,0.6888888888888889,0.8,0.0818180413321234,1.0,5184
7,0.05,CRN,GAS,x9,8,4.161783605998022e-05,0.6888888888888889,0.8,0.0818180413321234,1.0,5184
7,0.05,CRN,GAS,x10,9,3.281357718380557e-05,0.6888888888888889,0.8,0.0818180413321234,1.0,5184
7,0.05,CRN,DGSM,x1,0,0.282116764374871,0.9111111111111111,0.8,0.0562532889767175,1.0,5120
7,0.05,CRN,DGSM,x2,1,0.25367540648667963,0.9111111111111111,0.8,0.0562532889767175,1.0,5120
7,0.05,CRN,DGSM,x3,2,0.2239425918269879,0.9111111111111111,0.8,0.0562532889767175,1.0,5120
7,0.05,CRN,DGSM,x4,3,0.18726521200084792,0.9111111111111111,0.8,0.0562532889767175,1.0,5120
7,0.05,CRN,DGSM,x5,4,0.046860428901682474,0.9111111111111111,0.8,0.0562532889767175,1.0,5120
7,0.05,CRN,DGSM,x6,5,0.001538925427657202,0.9111111111111111,0.8,0.0562532889767175,1.0,5120
7,0.05,CRN,DGSM,x7,6,0.0013709032459578647,0.9111111111111111,0.8,0.0562532889767175,1.0,5120
7,0.05,CRN,DGSM,x8,7,0.0010918828224525253,0.9111111111111111,0.8,0.0562532889767175,1.0,5120
7,0.05,CRN,DGSM,x9,8,0.0012661305252680915,0.9111111111111111,0.8,0.0562532889767175,1.0,5120
7,0.05,CRN,DGSM,x10,9,0.0008717543875953397,0.9111111111111111,0.8,0.0562532889767175,1.0,5120
7,0.05,independent,Sobol,x1,0,0.2436765092280597,0.8666666666666667,0.8,0.061736390524219587,1.0,6144
7,0.05,independent,Sobol,x2,1,0.2269412187559486,0.8666666666666667,0.8,0.061736390524219587,1.0,6144
7,0.05,independent,Sobol,x3,2,0.08796125796790108,0.8666666666666667,0.8,0.061736390524219587,1.0,6144
7,0.05,independent,Sobol,x4,3,0.34464031781021565,0.8666666666666667,0.8,0.061736390524219587,1.0,6144
7,0.05,independent,Sobol,x5,4,0.079164513272998,0.8666666666666667,0.8,0.061736390524219587,1.0,6144
7,0.05,independent,Sobol,x6,5,0.003931238563483209,0.8666666666666667,0.8,0.061736390524219587,1.0,6144
7,0.05,independent,Sobol,x7,6,0.0036363778326789684,0.8666666666666667,0.8,0.061736390524219587,1.0,6144
7,0.05,independent,Sobol,x8,7,0.003509806815798707,0.8666666666666667,0.8,0.061736390524219587,1.0,6144
7,0.05,independent,Sobol,x9,8,0.0032085700936298257,0.8666666666666667,0.8,0.061736390524219587,1.0,6144
7,0.05,independent,Sobol,x10,9,0.00333018965928601,0.8666666666666667,0.8,0.061736390524219587,1.0,6144
7,0.05,independent,GAS,x1,0,0.21107603508662834,0.6,0.8,0.6240864003333824,0.8,5184
7,0.05,independent,GAS,x2,1,0.19905425485034198,0.6,0.8,0.6240864003333824,0.8,5184
7,0.05,independent,GAS,x3,2,0.11469619779392913,0.6,0.8,0.6240864003333824,0.8,5184
7,0.05,independent,GAS,x4,3,0.10930739762314018,0.6,0.8,0.6240864003333824,0.8,5184
7,0.05,independent,GAS,x5,4,0.053810880960342464,0.6,0.8,0.6240864003333824,0.8,5184
7,0.05,independent,GAS,x6,5,0.2501519521685709,0.6,0.8,0.6240864003333824,0.8,5184
7,0.05,independent,GAS,x7,6,0.00017492614480512048,0.6,0.8,0.6240864003333824,0.8,5184
7,0.05,independent,GAS,x8,7,0.061561045370020544,0.6,0.8,0.6240864003333824,0.8,5184
7,0.05,independent,GAS,x9,8,5.931498201497525e-05,0.6,0.8,0.6240864003333824,0.8,5184
7,0.05,independent,GAS,x10,9,0.00010799502020632775,0.6,0.8,0.6240864003333824,0.8,5184
7,0.05,independent,DGSM,x1,0,0.16369137855170474,0.8222222222222222,0.8,0.6270306137780941,1.0,5120
7,0.05,independent,DGSM,x2,1,0.18815625476905387,0.8222222222222222,0.8,0.6270306137780941,1.0,5120
7,0.05,independent,DGSM,x3,2,0.13418860336228172,0.8222222222222222,0.8,0.6270306137780941,1.0,5120
7,0.05,independent,DGSM,x4,3,0.14584585320486454,0.8222222222222222,0.8,0.6270306137780941,1.0,5120
7,0.05,independent,DGSM,x5,4,0.0712951597801017,0.8222222222222222,0.8,0.6270306137780941,1.0,5120
7,0.05,independent,DGSM,x6,5,0.061528954230900046,0.8222222222222222,0.8,0.6270306137780941,1.0,5120
7,0.05,independent,DGSM,x7,6,0.057579713160108896,0.8222222222222222,0.8,0.6270306137780941,1.0,5120
7,0.05,independent,DGSM,x8,7,0.056275465810092774,0.8222222222222222,0.8,0.6270306137780941,1.0,5120
7,0.05,independent,DGSM,x9,8,0.06749988393976167,0.8222222222222222,0.8,0.6270306137780941,1.0,5120
7,0.05,independent,DGSM,x10,9,0.05393873319113009,0.8222222222222222,0.8,0.6270306137780941,1.0,5120
7,0.15,CRN,Sobol,x1,0,0.2541719815374227,0.7777777777777778,0.6,0.022580872915799535,1.0,6144
7,0.15,CRN,Sobol,x2,1,0.24171452261997697,0.7777777777777778,0.6,0.022580872915799535,1.0,6144
7,0.15,CRN,Sobol,x3,2,0.0846173279101327,0.7777777777777778,0.6,0.022580872915799535,1.0,6144
7,0.15,CRN,Sobol,x4,3,0.32779222476200104,0.7777777777777778,0.6,0.022580872915799535,1.0,6144
7,0.15,CRN,Sobol,x5,4,0.08657994626753933,0.7777777777777778,0.6,0.022580872915799535,1.0,6144
7,0.15,CRN,Sobol,x6,5,0.0009971391602383822,0.7777777777777778,0.6,0.022580872915799535,1.0,6144
7,0.15,CRN,Sobol,x7,6,0.001107063499670525,0.7777777777777778,0.6,0.022580872915799535,1.0,6144
7,0.15,CRN,Sobol,x8,7,0.0009282842050561549,0.7777777777777778,0.6,0.022580872915799535,1.0,6144
7,0.15,CRN,Sobol,x9,8,0.001025050363554428,0.7777777777777778,0.6,0.022580872915799535,1.0,6144
7,0.15,CRN,Sobol,x10,9,0.0010664596744076966,0.7777777777777778,0.6,0.022580872915799535,1.0,6144
7,0.15,CRN,GAS,x1,0,0.23541842813747413,0.5555555555555556,0.6,0.07448985422512985,1.0,5184
7,0.15,CRN,GAS,x2,1,0.29738351510851924,0.5555555555555556,0.6,0.07448985422512985,1.0,5184
7,0.15,CRN,GAS,x3,2,0.1613434571937394,0.5555555555555556,0.6,0.07448985422512985,1.0,5184
7,0.15,CRN,GAS,x4,3,0.24564648613074966,0.5555555555555556,0.6,0.07448985422512985,1.0,5184
7,0.15,CRN,GAS,x5,4,0.05999478307087415,0.5555555555555556,0.6,0.07448985422512985,1.0,5184
7,0.15,CRN,GAS,x6,5,2.081038484609723e-05,0.5555555555555556,0.6,0.07448985422512985,1.0,5184
7,0.15,CRN,GAS,x7,6,9.81874037935436e-05,0.5555555555555556,0.6,0.07448985422512985,1.0,5184
7,0.15,CRN,GAS,x8,7,9.646988572944847e-06,0.5555555555555556,0.6,0.07448985422512985,1.0,5184
7,0.15,CRN,GAS,x9,8,6.77026089367977e-05,0.5555555555555556,0.6,0.07448985422512985,1.0,5184
7,0.15,CRN,GAS,x10,9,1.698297249398925e-05,0.5555555555555556,0.6,0.07448985422512985,1.0,5184
7,0.15,CRN,DGSM,x1,0,0.2721930251313815,0.8666666666666667,1.0,0.019554706631973874,1.0,5120
7,0.15,CRN,DGSM,x2,1,0.2805021553341899,0.8666666666666667,1.0,0.019554706631973874,1.0,5120
7,0.15,CRN,DGSM,x3,2,0.19893728643170913,0.8666666666666667,1.0,0.019554706631973874,1.0,5120
7,0.15,CRN,DGSM,x4,3,0.19269343849866824,0.8666666666666667,1.0,0.019554706631973874,1.0,5120
7,0.15,CRN,DGSM,x5,4,0.049316875582089234,0.8666666666666667,1.0,0.019554706631973874,1.0,5120
7,0.15,CRN,DGSM,x6,5,0.0014586576000683842,0.8666666666666667,1.0,0.019554706631973874,1.0,5120
7,0.15,CRN,DGSM,x7,6,0.001532348646554357,0.8666666666666667,1.0,0.019554706631973874,1.0,5120
7,0.15,CRN,DGSM,x8,7,0.0011370977496007583,0.8666666666666667,1.0,0.019554706631973874,1.0,5120
7,0.15,CRN,DGSM,x9,8,0.0010172819452755016,0.8666666666666667,1.0,0.019554706631973874,1.0,5120
7,0.15,CRN,DGSM,x10,9,0.0012118330804631598,0.8666666666666667,1.0,0.019554706631973874,1.0,5120
7,0.15,independent,Sobol,x1,0,0.2296783207645176,0.7333333333333333,0.8,0.1867977731499556,1.0,6144
7,0.15,independent,Sobol,x2,1,0.22689844118495572,0.7333333333333333,0.8,0.1867977731499556,1.0,6144
7,0.15,independent,Sobol,x3,2,0.08451455746792799,0.7333333333333333,0.8,0.1867977731499556,1.0,6144
7,0.15,independent,Sobol,x4,3,0.27992708204955,0.7333333333333333,0.8,0.1867977731499556,1.0,6144
7,0.15,independent,Sobol,x5,4,0.08001408113372604,0.7333333333333333,0.8,0.1867977731499556,1.0,6144
7,0.15,independent,Sobol,x6,5,0.022148710477722308,0.7333333333333333,0.8,0.1867977731499556,1.0,6144
7,0.15,independent,Sobol,x7,6,0.01871462268174912,0.7333333333333333,0.8,0.1867977731499556,1.0,6144
7,0.15,independent,Sobol,x8,7,0.019586668765500987,0.7333333333333333,0.8,0.1867977731499556,1.0,6144
7,0.15,independent,Sobol,x9,8,0.018961493710292317,0.7333333333333333,0.8,0.1867977731499556,1.0,6144
7,0.15,independent,Sobol,x10,9,0.01955602176405788,0.7333333333333333,0.8,0.1867977731499556,1.0,6144
7,0.15,independent,GAS,x1,0,0.055726692899202235,0.28888888888888886,0.0,1.2468285699807957,0.6,5184
7,0.15,independent,GAS,x2,1,0.0542200692684143,0.28888888888888886,0.0,1.2468285699807957,0.6,5184
7,0.15,independent,GAS,x3,2,3.450669756847006e-05,0.28888888888888886,0.0,1.2468285699807957,0.6,5184
7,0.15,independent,GAS,x4,3,0.2048826183903301,0.28888888888888886,0.0,1.2468285699807957,0.6,5184
7,0.15,independent,GAS,x5,4,0.06973333520629,0.28888888888888886,0.0,1.2468285699807957,0.6,5184
7,0.15,independent,GAS,x6,5,0.05603466052659694,0.28888888888888886,0.0,1.2468285699807957,0.6,5184
7,0.15,independent,GAS,x7,6,1.2190292089622203e-06,0.28888888888888886,0.0,1.2468285699807957,0.6,5184
7,0.15,independent,GAS,x8,7,0.051526687621765085,0.28888888888888886,0.0,1.2468285699807957,0.6,5184
7,0.15,independent,GAS,x9,8,3.388420173664935e-05,0.28888888888888886,0.0,1.2468285699807957,0.6,5184
7,0.15,independent,GAS,x10,9,0.5078063261588872,0.28888888888888886,0.0,1.2468285699807957,0.6,5184
7,0.15,independent,DGSM,x1,0,0.11549788922927351,0.4666666666666667,1.0,1.0219159229561006,0.6,5120
7,0.15,independent,DGSM,x2,1,0.12327953831537947,0.4666666666666667,1.0,1.0219159229561006,0.6,5120
7,0.15,independent,DGSM,x3,2,0.10060439386044079,0.4666666666666667,1.0,1.0219159229561006,0.6,5120
7,0.15,independent,DGSM,x4,3,0.09505761389380787,0.4666666666666667,1.0,1.0219159229561006,0.6,5120
7,0.15,independent,DGSM,x5,4,0.08835638502374699,0.4666666666666667,1.0,1.0219159229561006,0.6,5120
7,0.15,independent,DGSM,x6,5,0.09346516431939245,0.4666666666666667,1.0,1.0219159229561006,0.6,5120
7,0.15,independent,DGSM,x7,6,0.09213604899138696,0.4666666666666667,1.0,1.0219159229561006,0.6,5120
7,0.15,independent,DGSM,x8,7,0.1005313260502214,0.4666666666666667,1.0,1.0219159229561006,0.6,5120
7,0.15,independent,DGSM,x9,8,0.10697055863365561,0.4666666666666667,1.0,1.0219159229561006,0.6,5120
7,0.15,independent,DGSM,x10,9,0.08410108168269505,0.4666666666666667,1.0,1.0219159229561006,0.6,5120
8,0.0,deterministic,Sobol,x1,0,0.2244402740163814,0.9111111111111111,1.0,0.06394207052520383,1.0,6144
8,0.0,deterministic,Sobol,x2,1,0.2662790350943403,0.9111111111111111,1.0,0.06394207052520383,1.0,6144
8,0.0,deterministic,Sobol,x3,2,0.08330373288124998,0.9111111111111111,1.0,0.06394207052520383,1.0,6144
8,0.0,deterministic,Sobol,x4,3,0.3455528194934317,0.9111111111111111,1.0,0.06394207052520383,1.0,6144
8,0.0,deterministic,Sobol,x5,4,0.0752345633451329,0.9111111111111111,1.0,0.06394207052520383,1.0,6144
8,0.0,deterministic,Sobol,x6,5,0.0011528941902659935,0.9111111111111111,1.0,0.06394207052520383,1.0,6144
8,0.0,deterministic,Sobol,x7,6,0.0010211816652232154,0.9111111111111111,1.0,0.06394207052520383,1.0,6144
8,0.0,deterministic,Sobol,x8,7,0.0008953407971034347,0.9111111111111111,1.0,0.06394207052520383,1.0,6144
8,0.0,deterministic,Sobol,x9,8,0.001100801750807576,0.9111111111111111,1.0,0.06394207052520383,1.0,6144
8,0.0,deterministic,Sobol,x10,9,0.0010193567660635072,0.9111111111111111,1.0,0.06394207052520383,1.0,6144
8,0.0,deterministic,GAS,x1,0,0.2756581180473374,0.7777777777777778,1.0,0.03588120174871772,1.0,5184
8,0.0,deterministic,GAS,x2,1,0.264714185776791,0.7777777777777778,1.0,0.03588120174871772,1.0,5184
8,0.0,deterministic,GAS,x3,2,0.16828071496980493,0.7777777777777778,1.0,0.03588120174871772,1.0,5184
8,0.0,deterministic,GAS,x4,3,0.2333314406315705,0.7777777777777778,1.0,0.03588120174871772,1.0,5184
8,0.0,deterministic,GAS,x5,4,0.05795496950378412,0.7777777777777778,1.0,0.03588120174871772,1.0,5184
8,0.0,deterministic,GAS,x6,5,7.748632540290286e-06,0.7777777777777778,1.0,0.03588120174871772,1.0,5184
8,0.0,deterministic,GAS,x7,6,2.641945270756202e-06,0.7777777777777778,1.0,0.03588120174871772,1.0,5184
8,0.0,deterministic,GAS,x8,7,5.578149866015726e-06,0.7777777777777778,1.0,0.03588120174871772,1.0,5184
8,0.0,deterministic,GAS,x9,8,2.9709751867436027e-05,0.7777777777777778,1.0,0.03588120174871772,1.0,5184
8,0.0,deterministic,GAS,x10,9,1.4892591167403022e-05,0.7777777777777778,1.0,0.03588120174871772,1.0,5184
8,0.0,deterministic,DGSM,x1,0,0.25644174222521937,0.9111111111111111,1.0,0.037037778975342675,1.0,5120
8,0.0,deterministic,DGSM,x2,1,0.29848688482041047,0.9111111111111111,1.0,0.037037778975342675,1.0,5120
8,0.0,deterministic,DGSM,x3,2,0.20471147667022158,0.9111111111111111,1.0,0.037037778975342675,1.0,5120
8,0.0,deterministic,DGSM,x4,3,0.18671247585589854,0.9111111111111111,1.0,0.037037778975342675,1.0,5120
8,0.0,deterministic,DGSM,x5,4,0.047143319629409354,0.9111111111111111,1.0,0.037037778975342675,1.0,5120
8,0.0,deterministic,DGSM,x6,5,0.0013814299357229718,0.9111111111111111,1.0,0.037037778975342675,1.0,5120
8,0.0,deterministic,DGSM,x7,6,0.0014426289595446868,0.9111111111111111,1.0,0.037037778975342675,1.0,5120
8,0.0,deterministic,DGSM,x8,7,0.0012260324900307607,0.9111111111111111,1.0,0.037037778975342675,1.0,5120
8,0.0,deterministic,DGSM,x9,8,0.0014940865405312666,0.9111111111111111,1.0,0.037037778975342675,1.0,5120
8,0.0,deterministic,DGSM,x10,9,0.0009599228730110855,0.9111111111111111,1.0,0.037037778975342675,1.0,5120
8,0.05,CRN,Sobol,x1,0,0.25417198153742265,0.7777777777777778,0.6,0.02258087291579952,1.0,6144
8,0.05,CRN,Sobol,x2,1,0.24171452261997692,0.7777777777777778,0.6,0.02258087291579952,1.0,6144
8,0.05,CRN,Sobol,x3,2,0.08461732791013271,0.7777777777777778,0.6,0.02258087291579952,1.0,6144
8,0.05,CRN,Sobol,x4,3,0.32779222476200104,0.7777777777777778,0.6,0.02258087291579952,1.0,6144
8,0.05,CRN,Sobol,x5,4,0.08657994626753933,0.7777777777777778,0.6,0.02258087291579952,1.0,6144
8,0.05,CRN,Sobol,x6,5,0.000997139160238382,0.7777777777777778,0.6,0.02258087291579952,1.0,6144
8,0.05,CRN,Sobol,x7,6,0.001107063499670525,0.7777777777777778,0.6,0.02258087291579952,1.0,6144
8,0.05,CRN,Sobol,x8,7,0.000928284205056155,0.7777777777777778,0.6,0.02258087291579952,1.0,6144
8,0.05,CRN,Sobol,x9,8,0.0010250503635544277,0.7777777777777778,0.6,0.02258087291579952,1.0,6144
8,0.05,CRN,Sobol,x10,9,0.0010664596744076962,0.7777777777777778,0.6,0.02258087291579952,1.0,6144
8,0.05,CRN,GAS,x1,0,0.2354184281374741,0.5555555555555556,0.6,0.07448985422512987,1.0,5184
8,0.05,CRN,GAS,x2,1,0.2973835151085191,0.5555555555555556,0.6,0.07448985422512987,1.0,5184
8,0.05,CRN,GAS,x3,2,0.16134345719373952,0.5555555555555556,0.6,0.07448985422512987,1.0,5184
8,0.05,CRN,GAS,x4,3,0.2456464861307497,0.5555555555555556,0.6,0.07448985422512987,1.0,5184
8,0.05,CRN,GAS,x5,4,0.059994783070874115,0.5555555555555556,0.6,0.07448985422512987,1.0,5184
8,0.05,CRN,GAS,x6,5,2.0810384846097324e-05,0.5555555555555556,0.6,0.07448985422512987,1.0,5184
8,0.05,CRN,GAS,x7,6,9.81874037935436e-05,0.5555555555555556,0.6,0.07448985422512987,1.0,5184
8,0.05,CRN,GAS,x8,7,9.646988572944742e-06,0.5555555555555556,0.6,0.07448985422512987,1.0,5184
8,0.05,CRN,GAS,x9,8,6.770260893679699e-05,0.5555555555555556,0.6,0.07448985422512987,1.0,5184
8,0.05,CRN,GAS,x10,9,1.698297249398938e-05,0.5555555555555556,0.6,0.07448985422512987,1.0,5184
8,0.05,CRN,DGSM,x1,0,0.2721930251313815,0.8666666666666667,1.0,0.019554706631973773,1.0,5120
8,0.05,CRN,DGSM,x2,1,0.28050215533418976,0.8666666666666667,1.0,0.019554706631973773,1.0,5120
8,0.05,CRN,DGSM,x3,2,0.19893728643170913,0.8666666666666667,1.0,0.019554706631973773,1.0,5120
8,0.05,CRN,DGSM,x4,3,0.19269343849866827,0.8666666666666667,1.0,0.019554706631973773,1.0,5120
8,0.05,CRN,DGSM,x5,4,0.04931687558208922,0.8666666666666667,1.0,0.019554706631973773,1.0,5120
8,0.05,CRN,DGSM,x6,5,0.0014586576000683853,0.8666666666666667,1.0,0.019554706631973773,1.0,5120
8,0.05,CRN,DGSM,x7,6,0.0015323486465543567,0.8666666666666667,1.0,0.019554706631973773,1.0,5120
8,0.05,CRN,DGSM,x8,7,0.0011370977496007585,0.8666666666666667,1.0,0.019554706631973773,1.0,5120
8,0.05,CRN,DGSM,x9,8,0.001017281945275504,0.8666666666666667,1.0,0.019554706631973773,1.0,5120
8,0.05,CRN,DGSM,x10,9,0.0012118330804631596,0.8666666666666667,1.0,0.019554706631973773,1.0,5120
8,0.05,independent,Sobol,x1,0,0.2570387283715635,0.8222222222222222,0.8,0.04645561943612346,1.0,6144
8,0.05,independent,Sobol,x2,1,0.24917394334832607,0.8222222222222222,0.8,0.04645561943612346,1.0,6144
8,0.05,independent,Sobol,x3,2,0.08311926276284473,0.8222222222222222,0.8,0.04645561943612346,1.0,6144
8,0.05,independent,Sobol,x4,3,0.3117593100567979,0.8222222222222222,0.8,0.04645561943612346,1.0,6144
8,0.05,independent,Sobol,x5,4,0.08035359043773513,0.8222222222222222,0.8,0.04645561943612346,1.0,6144
8,0.05,independent,Sobol,x6,5,0.00424676306594496,0.8222222222222222,0.8,0.04645561943612346,1.0,6144
8,0.05,independent,Sobol,x7,6,0.003490010965316605,0.8222222222222222,0.8,0.04645561943612346,1.0,6144
8,0.05,independent,Sobol,x8,7,0.003566582807965317,0.8222222222222222,0.8,0.04645561943612346,1.0,6144
8,0.05,independent,Sobol,x9,8,0.00359701684791899,0.8222222222222222,0.8,0.04645561943612346,1.0,6144
8,0.05,independent,Sobol,x10,9,0.003654791335586832,0.8222222222222222,0.8,0.04645561943612346,1.0,6144
8,0.05,independent,GAS,x1,0,0.1052924176510753,0.5555555555555556,0.4,0.8977405650746539,0.8,5184
8,0.05,independent,GAS,x2,1,0.10417274001890262,0.5555555555555556,0.4,0.8977405650746539,0.8,5184
8,0.05,independent,GAS,x3,2,0.061006436067517995,0.5555555555555556,0.4,0.8977405650746539,0.8,5184
8,0.05,independent,GAS,x4,3,0.21893629597109,0.5555555555555556,0.4,0.8977405650746539,0.8,5184
8,0.05,independent,GAS,x5,4,0.0690963440309397,0.5555555555555556,0.4,0.8977405650746539,0.8,5184
8,0.05,independent,GAS,x6,5,0.043974064398913354,0.5555555555555556,0.4,0.8977405650746539,0.8,5184
8,0.05,independent,GAS,x7,6,8.317492298391253e-06,0.5555555555555556,0.4,0.8977405650746539,0.8,5184
8,0.05,independent,GAS,x8,7,0.00014757310768087942,0.5555555555555556,0.4,0.8977405650746539,0.8,5184
8,0.05,independent,GAS,x9,8,6.904272688232448e-05,0.5555555555555556,0.4,0.8977405650746539,0.8,5184
8,0.05,independent,GAS,x10,9,0.39729676853469936,0.5555555555555556,0.4,0.8977405650746539,0.8,5184
8,0.05,independent,DGSM,x1,0,0.16770812817497813,0.7333333333333333,1.0,0.6517836273930228,0.8,5120
8,0.05,independent,DGSM,x2,1,0.20696558206812893,0.7333333333333333,1.0,0.6517836273930228,0.8,5120
8,0.05,independent,DGSM,x3,2,0.12814969220380246,0.7333333333333333,1.0,0.6517836273930228,0.8,5120
8,0.05,independent,DGSM,x4,3,0.11668218063353104,0.7333333333333333,1.0,0.6517836273930228,0.8,5120
8,0.05,independent,DGSM,x5,4,0.06898109718242565,0.7333333333333333,1.0,0.6517836273930228,0.8,5120
8,0.05,independent,DGSM,x6,5,0.06120422940457881,0.7333333333333333,1.0,0.6517836273930228,0.8,5120
8,0.05,independent,DGSM,x7,6,0.06026930620039584,0.7333333333333333,1.0,0.6517836273930228,0.8,5120
8,0.05,independent,DGSM,x8,7,0.06530815495095706,0.7333333333333333,1.0,0.6517836273930228,0.8,5120
8,0.05,independent,DGSM,x9,8,0.06949853288795323,0.7333333333333333,1.0,0.6517836273930228,0.8,5120
8,0.05,independent,DGSM,x10,9,0.055233096293248955,0.7333333333333333,1.0,0.6517836273930228,0.8,5120
8,0.15,CRN,Sobol,x1,0,0.25950018229204697,0.6888888888888889,0.8,0.03999926793126735,1.0,6144
8,0.15,CRN,Sobol,x2,1,0.24785387815127785,0.6888888888888889,0.8,0.03999926793126735,1.0,6144
8,0.15,CRN,Sobol,x3,2,0.09178046468690244,0.6888888888888889,0.8,0.03999926793126735,1.0,6144
8,0.15,CRN,Sobol,x4,3,0.3150346828044182,0.6888888888888889,0.8,0.03999926793126735,1.0,6144
8,0.15,CRN,Sobol,x5,4,0.0799813712827882,0.6888888888888889,0.8,0.03999926793126735,1.0,6144
8,0.15,CRN,Sobol,x6,5,0.0011019426294045331,0.6888888888888889,0.8,0.03999926793126735,1.0,6144
8,0.15,CRN,Sobol,x7,6,0.001089319018064801,0.6888888888888889,0.8,0.03999926793126735,1.0,6144
8,0.15,CRN,Sobol,x8,7,0.0011990004163666558,0.6888888888888889,0.8,0.03999926793126735,1.0,6144
8,0.15,CRN,Sobol,x9,8,0.001388651629767224,0.6888888888888889,0.8,0.03999926793126735,1.0,6144
8,0.15,CRN,Sobol,x10,9,0.0010705070889629562,0.6888888888888889,0.8,0.03999926793126735,1.0,6144
8,0.15,CRN,GAS,x1,0,0.26405875088608544,0.8222222222222222,0.8,0.02706817492848531,1.0,5184
8,0.15,CRN,GAS,x2,1,0.27751356714472514,0.8222222222222222,0.8,0.02706817492848531,1.0,5184
8,0.15,CRN,GAS,x3,2,0.15495292114717485,0.8222222222222222,0.8,0.02706817492848531,1.0,5184
8,0.15,CRN,GAS,x4,3,0.24485998003743095,0.8222222222222222,0.8,0.02706817492848531,1.0,5184
8,0.15,CRN,GAS,x5,4,0.05837298185217938,0.8222222222222222,0.8,0.02706817492848531,1.0,5184
8,0.15,CRN,GAS,x6,5,6.157770132720221e-05,0.8222222222222222,0.8,0.02706817492848531,1.0,5184
8,0.15,CRN,GAS,x7,6,2.4003934380707827e-05,0.8222222222222222,0.8,0.02706817492848531,1.0,5184
8,0.15,CRN,GAS,x8,7,0.00011364071836572302,0.8222222222222222,0.8,0.02706817492848531,1.0,5184
8,0.15,CRN,GAS,x9,8,2.720534768781457e-05,0.8222222222222222,0.8,0.02706817492848531,1.0,5184
8,0.15,CRN,GAS,x10,9,1.5371230642605945e-05,0.8222222222222222,0.8,0.02706817492848531,1.0,5184
8,0.15,CRN,DGSM,x1,0,0.2695490210172565,0.9555555555555556,1.0,0.015775187778966526,1.0,5120
8,0.15,CRN,DGSM,x2,1,0.2823832786094133,0.9555555555555556,1.0,0.015775187778966526,1.0,5120
8,0.15,CRN,DGSM,x3,2,0.21372716766519073,0.9555555555555556,1.0,0.015775187778966526,1.0,5120
8,0.15,CRN,DGSM,x4,3,0.18045148250805312,0.9555555555555556,1.0,0.015775187778966526,1.0,5120
8,0.15,CRN,DGSM,x5,4,0.04740573458143069,0.9555555555555556,1.0,0.015775187778966526,1.0,5120
8,0.15,CRN,DGSM,x6,5,0.0015395330077053934,0.9555555555555556,1.0,0.015775187778966526,1.0,5120
8,0.15,CRN,DGSM,x7,6,0.0015795576720141892,0.9555555555555556,1.0,0.015775187778966526,1.0,5120
8,0.15,CRN,DGSM,x8,7,0.0013088040514033967,0.9555555555555556,1.0,0.015775187778966526,1.0,5120
8,0.15,CRN,DGSM,x9,8,0.0010519202141034641,0.9555555555555556,1.0,0.015775187778966526,1.0,5120
8,0.15,CRN,DGSM,x10,9,0.0010035006734293256,0.9555555555555556,1.0,0.015775187778966526,1.0,5120
8,0.15,independent,Sobol,x1,0,0.22213600032055136,0.6444444444444445,0.8,0.1651542695723672,1.0,6144
8,0.15,independent,Sobol,x2,1,0.21925190605359235,0.6444444444444445,0.8,0.1651542695723672,1.0,6144
8,0.15,independent,Sobol,x3,2,0.0855179905345932,0.6444444444444445,0.8,0.1651542695723672,1.0,6144
8,0.15,independent,Sobol,x4,3,0.30276639697258945,0.6444444444444445,0.8,0.1651542695723672,1.0,6144
8,0.15,independent,Sobol,x5,4,0.08274070704632651,0.6444444444444445,0.8,0.1651542695723672,1.0,6144
8,0.15,independent,Sobol,x6,5,0.015877521324802343,0.6444444444444445,0.8,0.1651542695723672,1.0,6144
8,0.15,independent,Sobol,x7,6,0.018323360696619835,0.6444444444444445,0.8,0.1651542695723672,1.0,6144
8,0.15,independent,Sobol,x8,7,0.01758340660630626,0.6444444444444445,0.8,0.1651542695723672,1.0,6144
8,0.15,independent,Sobol,x9,8,0.019078333781195733,0.6444444444444445,0.8,0.1651542695723672,1.0,6144
8,0.15,independent,Sobol,x10,9,0.016724376663423034,0.6444444444444445,0.8,0.1651542695723672,1.0,6144
8,0.15,independent,GAS,x1,0,0.08700293527579105,-0.3333333333333333,0.4,1.2665165198909518,0.4,5184
8,0.15,independent,GAS,x2,1,0.09799198050362701,-0.3333333333333333,0.4,1.2665165198909518,0.4,5184
8,0.15,independent,GAS,x3,2,0.07233616359964021,-0.3333333333333333,0.4,1.2665165198909518,0.4,5184
8,0.15,independent,GAS,x4,3,0.10620377528555261,-0.3333333333333333,0.4,1.2665165198909518,0.4,5184
8,0.15,independent,GAS,x5,4,0.0031948518709865805,-0.3333333333333333,0.4,1.2665165198909518,0.4,5184
8,0.15,independent,GAS,x6,5,0.15114367667460604,-0.3333333333333333,0.4,1.2665165198909518,0.4,5184
8,0.15,independent,GAS,x7,6,0.157596059237102,-0.3333333333333333,0.4,1.2665165198909518,0.4,5184
8,0.15,independent,GAS,x8,7,0.0964368653655898,-0.3333333333333333,0.4,1.2665165198909518,0.4,5184
8,0.15,independent,GAS,x9,8,0.1552905679291736,-0.3333333333333333,0.4,1.2665165198909518,0.4,5184
8,0.15,independent,GAS,x10,9,0.07280312425793109,-0.3333333333333333,0.4,1.2665165198909518,0.4,5184
8,0.15,independent,DGSM,x1,0,0.1187988649131504,0.28888888888888886,0.2,1.0400672367876915,0.6,5120
8,0.15,independent,DGSM,x2,1,0.11489246548685825,0.28888888888888886,0.2,1.0400672367876915,0.6,5120
8,0.15,independent,DGSM,x3,2,0.09864947127888771,0.28888888888888886,0.2,1.0400672367876915,0.6,5120
8,0.15,independent,DGSM,x4,3,0.09302297670420977,0.28888888888888886,0.2,1.0400672367876915,0.6,5120
8,0.15,independent,DGSM,x5,4,0.11614256569522004,0.28888888888888886,0.2,1.0400672367876915,0.6,5120
8,0.15,independent,DGSM,x6,5,0.09423691520726264,0.28888888888888886,0.2,1.0400672367876915,0.6,5120
8,0.15,independent,DGSM,x7,6,0.07303650976907562,0.28888888888888886,0.2,1.0400672367876915,0.6,5120
8,0.15,independent,DGSM,x8,7,0.10213884509238114,0.28888888888888886,0.2,1.0400672367876915,0.6,5120
8,0.15,independent,DGSM,x9,8,0.10027325577055304,0.28888888888888886,0.2,1.0400672367876915,0.6,5120
8,0.15,independent,DGSM,x10,9,0.08880813008240146,0.28888888888888886,0.2,1.0400672367876915,0.6,5120
9,0.0,deterministic,Sobol,x1,0,0.2695266034676929,0.7777777777777778,0.8,0.0508062488077805,1.0,6144
9,0.0,deterministic,Sobol,x2,1,0.23288974124917008,0.7777777777777778,0.8,0.0508062488077805,1.0,6144
9,0.0,deterministic,Sobol,x3,2,0.0861612407633806,0.7777777777777778,0.8,0.0508062488077805,1.0,6144
9,0.0,deterministic,Sobol,x4,3,0.3298770933606687,0.7777777777777778,0.8,0.0508062488077805,1.0,6144
9,0.0,deterministic,Sobol,x5,4,0.07571587008393942,0.7777777777777778,0.8,0.0508062488077805,1.0,6144
9,0.0,deterministic,Sobol,x6,5,0.0010833339195219635,0.7777777777777778,0.8,0.0508062488077805,1.0,6144
9,0.0,deterministic,Sobol,x7,6,0.001320650348071351,0.7777777777777778,0.8,0.0508062488077805,1.0,6144
9,0.0,deterministic,Sobol,x8,7,0.0010355277786719438,0.7777777777777778,0.8,0.0508062488077805,1.0,6144
9,0.0,deterministic,Sobol,x9,8,0.001224731346571574,0.7777777777777778,0.8,0.0508062488077805,1.0,6144
9,0.0,deterministic,Sobol,x10,9,0.0011652076823113874,0.7777777777777778,0.8,0.0508062488077805,1.0,6144
9,0.0,deterministic,GAS,x1,0,0.2528709795298242,0.8666666666666667,0.8,0.05005951089004011,1.0,5184
9,0.0,deterministic,GAS,x2,1,0.28595468050718886,0.8666666666666667,0.8,0.05005951089004011,1.0,5184
9,0.0,deterministic,GAS,x3,2,0.16069237297374273,0.8666666666666667,0.8,0.05005951089004011,1.0,5184
9,0.0,deterministic,GAS,x4,3,0.24000997965986365,0.8666666666666667,0.8,0.05005951089004011,1.0,5184
9,0.0,deterministic,GAS,x5,4,0.06039390981695502,0.8666666666666667,0.8,0.05005951089004011,1.0,5184
9,0.0,deterministic,GAS,x6,5,3.55754991280965e-05,0.8666666666666667,0.8,0.05005951089004011,1.0,5184
9,0.0,deterministic,GAS,x7,6,4.108676675330131e-06,0.8666666666666667,0.8,0.05005951089004011,1.0,5184
9,0.0,deterministic,GAS,x8,7,1.1822575746080212e-05,0.8666666666666667,0.8,0.05005951089004011,1.0,5184
9,0.0,deterministic,GAS,x9,8,1.8888259402643533e-05,0.8666666666666667,0.8,0.05005951089004011,1.0,5184
9,0.0,deterministic,GAS,x10,9,7.68250147343121e-06,0.8666666666666667,0.8,0.05005951089004011,1.0,5184
9,0.0,deterministic,DGSM,x1,0,0.27461591101720884,0.9555555555555556,0.8,0.03813308144791424,1.0,5120
9,0.0,deterministic,DGSM,x2,1,0.26194806895854195,0.9555555555555556,0.8,0.03813308144791424,1.0,5120
9,0.0,deterministic,DGSM,x3,2,0.2202739335494312,0.9555555555555556,0.8,0.03813308144791424,1.0,5120
9,0.0,deterministic,DGSM,x4,3,0.1893823282019638,0.9555555555555556,0.8,0.03813308144791424,1.0,5120
9,0.0,deterministic,DGSM,x5,4,0.0475966647914152,0.9555555555555556,0.8,0.03813308144791424,1.0,5120
9,0.0,deterministic,DGSM,x6,5,0.0013250348823377722,0.9555555555555556,0.8,0.03813308144791424,1.0,5120
9,0.0,deterministic,DGSM,x7,6,0.0014457816262306476,0.9555555555555556,0.8,0.03813308144791424,1.0,5120
9,0.0,deterministic,DGSM,x8,7,0.0011646047484148141,0.9555555555555556,0.8,0.03813308144791424,1.0,5120
9,0.0,deterministic,DGSM,x9,8,0.001224135802910313,0.9555555555555556,0.8,0.03813308144791424,1.0,5120
9,0.0,deterministic,DGSM,x10,9,0.001023536421545469,0.9555555555555556,0.8,0.03813308144791424,1.0,5120
9,0.05,CRN,Sobol,x1,0,0.25950018229204697,0.6888888888888889,0.8,0.03999926793126737,1.0,6144
9,0.05,CRN,Sobol,x2,1,0.24785387815127785,0.6888888888888889,0.8,0.03999926793126737,1.0,6144
9,0.05,CRN,Sobol,x3,2,0.09178046468690247,0.6888888888888889,0.8,0.03999926793126737,1.0,6144
9,0.05,CRN,Sobol,x4,3,0.3150346828044182,0.6888888888888889,0.8,0.03999926793126737,1.0,6144
9,0.05,CRN,Sobol,x5,4,0.07998137128278822,0.6888888888888889,0.8,0.03999926793126737,1.0,6144
9,0.05,CRN,Sobol,x6,5,0.0011019426294045331,0.6888888888888889,0.8,0.03999926793126737,1.0,6144
9,0.05,CRN,Sobol,x7,6,0.0010893190180648014,0.6888888888888889,0.8,0.03999926793126737,1.0,6144
9,0.05,CRN,Sobol,x8,7,0.0011990004163666562,0.6888888888888889,0.8,0.03999926793126737,1.0,6144
9,0.05,CRN,Sobol,x9,8,0.0013886516297672243,0.6888888888888889,0.8,0.03999926793126737,1.0,6144
9,0.05,CRN,Sobol,x10,9,0.0010705070889629564,0.6888888888888889,0.8,0.03999926793126737,1.0,6144
9,0.05,CRN,GAS,x1,0,0.2640587508860855,0.8222222222222222,0.8,0.027068174928485074,1.0,5184
9,0.05,CRN,GAS,x2,1,0.2775135671447251,0.8222222222222222,0.8,0.027068174928485074,1.0,5184
9,0.05,CRN,GAS,x3,2,0.15495292114717482,0.8222222222222222,0.8,0.027068174928485074,1.0,5184
9,0.05,CRN,GAS,x4,3,0.2448599800374311,0.8222222222222222,0.8,0.027068174928485074,1.0,5184
9,0.05,CRN,GAS,x5,4,0.058372981852179394,0.8222222222222222,0.8,0.027068174928485074,1.0,5184
9,0.05,CRN,GAS,x6,5,6.157770132720227e-05,0.8222222222222222,0.8,0.027068174928485074,1.0,5184
9,0.05,CRN,GAS,x7,6,2.4003934380707525e-05,0.8222222222222222,0.8,0.027068174928485074,1.0,5184
9,0.05,CRN,GAS,x8,7,0.0001136407183657232,0.8222222222222222,0.8,0.027068174928485074,1.0,5184
9,0.05,CRN,GAS,x9,8,2.7205347687814616e-05,0.8222222222222222,0.8,0.027068174928485074,1.0,5184
9,0.05,CRN,GAS,x10,9,1.5371230642606145e-05,0.8222222222222222,0.8,0.027068174928485074,1.0,5184
9,0.05,CRN,DGSM,x1,0,0.26954902101725653,0.9555555555555556,1.0,0.015775187778966367,1.0,5120
9,0.05,CRN,DGSM,x2,1,0.2823832786094133,0.9555555555555556,1.0,0.015775187778966367,1.0,5120
9,0.05,CRN,DGSM,x3,2,0.21372716766519065,0.9555555555555556,1.0,0.015775187778966367,1.0,5120
9,0.05,CRN,DGSM,x4,3,0.18045148250805312,0.9555555555555556,1.0,0.015775187778966367,1.0,5120
9,0.05,CRN,DGSM,x5,4,0.047405734581430714,0.9555555555555556,1.0,0.015775187778966367,1.0,5120
9,0.05,CRN,DGSM,x6,5,0.001539533007705396,0.9555555555555556,1.0,0.015775187778966367,1.0,5120
9,0.05,CRN,DGSM,x7,6,0.0015795576720141846,0.9555555555555556,1.0,0.015775187778966367,1.0,5120
9,0.05,CRN,DGSM,x8,7,0.0013088040514033976,0.9555555555555556,1.0,0.015775187778966367,1.0,5120
9,0.05,CRN,DGSM,x9,8,0.0010519202141034685,0.9555555555555556,1.0,0.015775187778966367,1.0,5120
9,0.05,CRN,DGSM,x10,9,0.0010035006734293232,0.9555555555555556,1.0,0.015775187778966367,1.0,5120
9,0.05,independent,Sobol,x1,0,0.24155409524355115,0.7333333333333333,0.8,0.048512097105591845,1.0,6144
9,0.05,independent,Sobol,x2,1,0.23561383545256334,0.7333333333333333,0.8,0.048512097105591845,1.0,6144
9,0.05,independent,Sobol,x3,2,0.08557692677328173,0.7333333333333333,0.8,0.048512097105591845,1.0,6144
9,0.05,independent,Sobol,x4,3,0.3418577922924388,0.7333333333333333,0.8,0.048512097105591845,1.0,6144
9,0.05,independent,Sobol,x5,4,0.07922645727020584,0.7333333333333333,0.8,0.048512097105591845,1.0,6144
9,0.05,independent,Sobol,x6,5,0.0030887432003919454,0.7333333333333333,0.8,0.048512097105591845,1.0,6144
9,0.05,independent,Sobol,x7,6,0.003447676183329562,0.7333333333333333,0.8,0.048512097105591845,1.0,6144
9,0.05,independent,Sobol,x8,7,0.003295669429664277,0.7333333333333333,0.8,0.048512097105591845,1.0,6144
9,0.05,independent,Sobol,x9,8,0.0033012770347841873,0.7333333333333333,0.8,0.048512097105591845,1.0,6144
9,0.05,independent,Sobol,x10,9,0.0030375271197892327,0.7333333333333333,0.8,0.048512097105591845,1.0,6144
9,0.05,independent,GAS,x1,0,0.15115255071380218,0.28888888888888886,0.6,0.7919259015041565,0.6,5184
9,0.05,independent,GAS,x2,1,0.17064666058521277,0.28888888888888886,0.6,0.7919259015041565,0.6,5184
9,0.05,independent,GAS,x3,2,0.10522985816002749,0.28888888888888886,0.6,0.7919259015041565,0.6,5184
9,0.05,independent,GAS,x4,3,0.15356721805436752,0.28888888888888886,0.6,0.7919259015041565,0.6,5184
9,0.05,independent,GAS,x5,4,0.02342872821558513,0.28888888888888886,0.6,0.7919259015041565,0.6,5184
9,0.05,independent,GAS,x6,5,0.10678373434862264,0.28888888888888886,0.6,0.7919259015041565,0.6,5184
9,0.05,independent,GAS,x7,6,0.1113893734486057,0.28888888888888886,0.6,0.7919259015041565,0.6,5184
9,0.05,independent,GAS,x8,7,0.06800392618874393,0.28888888888888886,0.6,0.7919259015041565,0.6,5184
9,0.05,independent,GAS,x9,8,0.10957603253306722,0.28888888888888886,0.6,0.7919259015041565,0.6,5184
9,0.05,independent,GAS,x10,9,0.000221917751965602,0.28888888888888886,0.6,0.7919259015041565,0.6,5184
9,0.05,independent,DGSM,x1,0,0.17460879293149367,0.6888888888888889,1.0,0.6802986437794126,1.0,5120
9,0.05,independent,DGSM,x2,1,0.17727564076791177,0.6888888888888889,1.0,0.6802986437794126,1.0,5120
9,0.05,independent,DGSM,x3,2,0.13243938422074775,0.6888888888888889,1.0,0.6802986437794126,1.0,5120
9,0.05,independent,DGSM,x4,3,0.1209242569670924,0.6888888888888889,1.0,0.6802986437794126,1.0,5120
9,0.05,independent,DGSM,x5,4,0.09318050450485628,0.6888888888888889,1.0,0.6802986437794126,1.0,5120
9,0.05,independent,DGSM,x6,5,0.0626962275580656,0.6888888888888889,1.0,0.6802986437794126,1.0,5120
9,0.05,independent,DGSM,x7,6,0.0482002743091062,0.6888888888888889,1.0,0.6802986437794126,1.0,5120
9,0.05,independent,DGSM,x8,7,0.06660026920298817,0.6888888888888889,1.0,0.6802986437794126,1.0,5120
9,0.05,independent,DGSM,x9,8,0.065937332570874,0.6888888888888889,1.0,0.6802986437794126,1.0,5120
9,0.05,independent,DGSM,x10,9,0.05813731696686427,0.6888888888888889,1.0,0.6802986437794126,1.0,5120
9,0.15,CRN,Sobol,x1,0,0.24107536811725133,0.9555555555555556,1.0,0.023589198451740994,1.0,6144
9,0.15,CRN,Sobol,x2,1,0.2454712492692042,0.9555555555555556,1.0,0.023589198451740994,1.0,6144
9,0.15,CRN,Sobol,x3,2,0.08654224563505668,0.9555555555555556,1.0,0.023589198451740994,1.0,6144
9,0.15,CRN,Sobol,x4,3,0.3389203429979255,0.9555555555555556,1.0,0.023589198451740994,1.0,6144
9,0.15,CRN,Sobol,x5,4,0.08277698174459987,0.9555555555555556,1.0,0.023589198451740994,1.0,6144
9,0.15,CRN,Sobol,x6,5,0.0011724946209083545,0.9555555555555556,1.0,0.023589198451740994,1.0,6144
9,0.15,CRN,Sobol,x7,6,0.0011382010336520097,0.9555555555555556,1.0,0.023589198451740994,1.0,6144
9,0.15,CRN,Sobol,x8,7,0.0009224987368204269,0.9555555555555556,1.0,0.023589198451740994,1.0,6144
9,0.15,CRN,Sobol,x9,8,0.0009158552265187941,0.9555555555555556,1.0,0.023589198451740994,1.0,6144
9,0.15,CRN,Sobol,x10,9,0.001064762618062696,0.9555555555555556,1.0,0.023589198451740994,1.0,6144
9,0.15,CRN,GAS,x1,0,0.29754961446419587,1.0,1.0,0.05730867947873057,1.0,5184
9,0.15,CRN,GAS,x2,1,0.25425162688380815,1.0,1.0,0.05730867947873057,1.0,5184
9,0.15,CRN,GAS,x3,2,0.14891724341966717,1.0,1.0,0.05730867947873057,1.0,5184
9,0.15,CRN,GAS,x4,3,0.23943657434613236,1.0,1.0,0.05730867947873057,1.0,5184
9,0.15,CRN,GAS,x5,4,0.059650568650150955,1.0,1.0,0.05730867947873057,1.0,5184
9,0.15,CRN,GAS,x6,5,0.00012448711047056157,1.0,1.0,0.05730867947873057,1.0,5184
9,0.15,CRN,GAS,x7,6,1.1041686008106276e-05,1.0,1.0,0.05730867947873057,1.0,5184
9,0.15,CRN,GAS,x8,7,2.94522364750576e-05,1.0,1.0,0.05730867947873057,1.0,5184
9,0.15,CRN,GAS,x9,8,1.199073435271301e-05,1.0,1.0,0.05730867947873057,1.0,5184
9,0.15,CRN,GAS,x10,9,1.7400468739012123e-05,1.0,1.0,0.05730867947873057,1.0,5184
9,0.15,CRN,DGSM,x1,0,0.2884012665961402,0.9111111111111111,0.8,0.04610352349574669,1.0,5120
9,0.15,CRN,DGSM,x2,1,0.2673382625807184,0.9111111111111111,0.8,0.04610352349574669,1.0,5120
9,0.15,CRN,DGSM,x3,2,0.19809754651372516,0.9111111111111111,0.8,0.04610352349574669,1.0,5120
9,0.15,CRN,DGSM,x4,3,0.18929741843262812,0.9111111111111111,0.8,0.04610352349574669,1.0,5120
9,0.15,CRN,DGSM,x5,4,0.04994595918329447,0.9111111111111111,0.8,0.04610352349574669,1.0,5120
9,0.15,CRN,DGSM,x6,5,0.0016770791547278097,0.9111111111111111,0.8,0.04610352349574669,1.0,5120
9,0.15,CRN,DGSM,x7,6,0.0016623646602606016,0.9111111111111111,0.8,0.04610352349574669,1.0,5120
9,0.15,CRN,DGSM,x8,7,0.001121617018201628,0.9111111111111111,0.8,0.04610352349574669,1.0,5120
9,0.15,CRN,DGSM,x9,8,0.0013813796183968399,0.9111111111111111,0.8,0.04610352349574669,1.0,5120
9,0.15,CRN,DGSM,x10,9,0.001077106241906678,0.9111111111111111,0.8,0.04610352349574669,1.0,5120
9,0.15,independent,Sobol,x1,0,0.2194307993552587,0.6888888888888889,1.0,0.2064461992347862,1.0,6144
9,0.15,independent,Sobol,x2,1,0.226194785278886,0.6888888888888889,1.0,0.2064461992347862,1.0,6144
9,0.15,independent,Sobol,x3,2,0.09151589633461699,0.6888888888888889,1.0,0.2064461992347862,1.0,6144
9,0.15,independent,Sobol,x4,3,0.2778827538813789,0.6888888888888889,1.0,0.2064461992347862,1.0,6144
9,0.15,independent,Sobol,x5,4,0.08603485654442102,0.6888888888888889,1.0,0.2064461992347862,1.0,6144
9,0.15,independent,Sobol,x6,5,0.02013978343375488,0.6888888888888889,1.0,0.2064461992347862,1.0,6144
9,0.15,independent,Sobol,x7,6,0.01948905801094632,0.6888888888888889,1.0,0.2064461992347862,1.0,6144
9,0.15,independent,Sobol,x8,7,0.02099507496088796,0.6888888888888889,1.0,0.2064461992347862,1.0,6144
9,0.15,independent,Sobol,x9,8,0.020149051226540815,0.6888888888888889,1.0,0.2064461992347862,1.0,6144
9,0.15,independent,Sobol,x10,9,0.018167940973308355,0.6888888888888889,1.0,0.2064461992347862,1.0,6144
9,0.15,independent,GAS,x1,0,0.1004473600348643,0.1111111111111111,0.4,1.142201576871734,0.4,5184
9,0.15,independent,GAS,x2,1,0.11166330486533299,0.1111111111111111,0.4,1.142201576871734,0.4,5184
9,0.15,independent,GAS,x3,2,0.09029417095637082,0.1111111111111111,0.4,1.142201576871734,0.4,5184
9,0.15,independent,GAS,x4,3,0.12376951981771939,0.1111111111111111,0.4,1.142201576871734,0.4,5184
9,0.15,independent,GAS,x5,4,0.002712822370918709,0.1111111111111111,0.4,1.142201576871734,0.4,5184
9,0.15,independent,GAS,x6,5,0.10839791509730397,0.1111111111111111,0.4,1.142201576871734,0.4,5184
9,0.15,independent,GAS,x7,6,0.056594763113157344,0.1111111111111111,0.4,1.142201576871734,0.4,5184
9,0.15,independent,GAS,x8,7,0.20276286969062887,0.1111111111111111,0.4,1.142201576871734,0.4,5184
9,0.15,independent,GAS,x9,8,0.1140296040297583,0.1111111111111111,0.4,1.142201576871734,0.4,5184
9,0.15,independent,GAS,x10,9,0.0893276700239452,0.1111111111111111,0.4,1.142201576871734,0.4,5184
9,0.15,independent,DGSM,x1,0,0.11108878158295407,0.6444444444444445,0.2,0.9812181949406581,0.8,5120
9,0.15,independent,DGSM,x2,1,0.11192081005910763,0.6444444444444445,0.2,0.9812181949406581,0.8,5120
9,0.15,independent,DGSM,x3,2,0.11650293949715974,0.6444444444444445,0.2,0.9812181949406581,0.8,5120
9,0.15,independent,DGSM,x4,3,0.11527576816740137,0.6444444444444445,0.2,0.9812181949406581,0.8,5120
9,0.15,independent,DGSM,x5,4,0.09262505312221517,0.6444444444444445,0.2,0.9812181949406581,0.8,5120
9,0.15,independent,DGSM,x6,5,0.08867313301041932,0.6444444444444445,0.2,0.9812181949406581,0.8,5120
9,0.15,independent,DGSM,x7,6,0.09583331405222106,0.6444444444444445,0.2,0.9812181949406581,0.8,5120
9,0.15,independent,DGSM,x8,7,0.09398685221465894,0.6444444444444445,0.2,0.9812181949406581,0.8,5120
9,0.15,independent,DGSM,x9,8,0.08830700413274062,0.6444444444444445,0.2,0.9812181949406581,0.8,5120
9,0.15,independent,DGSM,x10,9,0.08578634416112203,0.6444444444444445,0.2,0.9812181949406581,0.8,5120
10,0.0,deterministic,Sobol,x1,0,0.26269282426699264,0.8222222222222222,0.8,0.05902928363088719,1.0,6144
10,0.0,deterministic,Sobol,x2,1,0.2223295868905069,0.8222222222222222,0.8,0.05902928363088719,1.0,6144
10,0.0,deterministic,Sobol,x3,2,0.09555938790494879,0.8222222222222222,0.8,0.05902928363088719,1.0,6144
10,0.0,deterministic,Sobol,x4,3,0.3318149347920421,0.8222222222222222,0.8,0.05902928363088719,1.0,6144
10,0.0,deterministic,Sobol,x5,4,0.08233092617480448,0.8222222222222222,0.8,0.05902928363088719,1.0,6144
10,0.0,deterministic,Sobol,x6,5,0.0011717370178508334,0.8222222222222222,0.8,0.05902928363088719,1.0,6144
10,0.0,deterministic,Sobol,x7,6,0.0011399043333751575,0.8222222222222222,0.8,0.05902928363088719,1.0,6144
10,0.0,deterministic,Sobol,x8,7,0.0010335642249323144,0.8222222222222222,0.8,0.05902928363088719,1.0,6144
10,0.0,deterministic,Sobol,x9,8,0.000989713630757446,0.8222222222222222,0.8,0.05902928363088719,1.0,6144
10,0.0,deterministic,Sobol,x10,9,0.0009374207637893326,0.8222222222222222,0.8,0.05902928363088719,1.0,6144
10,0.0,deterministic,GAS,x1,0,0.23601396317430548,0.6444444444444445,0.6,0.06612730053528754,1.0,5184
10,0.0,deterministic,GAS,x2,1,0.28866543716562715,0.6444444444444445,0.6,0.06612730053528754,1.0,5184
10,0.0,deterministic,GAS,x3,2,0.164046075044385,0.6444444444444445,0.6,0.06612730053528754,1.0,5184
10,0.0,deterministic,GAS,x4,3,0.24892839604648265,0.6444444444444445,0.6,0.06612730053528754,1.0,5184
10,0.0,deterministic,GAS,x5,4,0.06205166995050559,0.6444444444444445,0.6,0.06612730053528754,1.0,5184
10,0.0,deterministic,GAS,x6,5,4.4736016815116045e-05,0.6444444444444445,0.6,0.06612730053528754,1.0,5184
10,0.0,deterministic,GAS,x7,6,1.2861138920556134e-05,0.6444444444444445,0.6,0.06612730053528754,1.0,5184
10,0.0,deterministic,GAS,x8,7,6.300899907471458e-05,0.6444444444444445,0.6,0.06612730053528754,1.0,5184
10,0.0,deterministic,GAS,x9,8,0.00010685504430963119,0.6444444444444445,0.6,0.06612730053528754,1.0,5184
10,0.0,deterministic,GAS,x10,9,6.699741957397059e-05,0.6444444444444445,0.6,0.06612730053528754,1.0,5184
10,0.0,deterministic,DGSM,x1,0,0.26432617467249575,0.8666666666666667,1.0,0.027430965551515522,1.0,5120
10,0.0,deterministic,DGSM,x2,1,0.29383613936552494,0.8666666666666667,1.0,0.027430965551515522,1.0,5120
10,0.0,deterministic,DGSM,x3,2,0.20402113062160107,0.8666666666666667,1.0,0.027430965551515522,1.0,5120
10,0.0,deterministic,DGSM,x4,3,0.18487902377565602,0.8666666666666667,1.0,0.027430965551515522,1.0,5120
10,0.0,deterministic,DGSM,x5,4,0.04642713327232119,0.8666666666666667,1.0,0.027430965551515522,1.0,5120
10,0.0,deterministic,DGSM,x6,5,0.001602325239896543,0.8666666666666667,1.0,0.027430965551515522,1.0,5120
10,0.0,deterministic,DGSM,x7,6,0.0011853834401868051,0.8666666666666667,1.0,0.027430965551515522,1.0,5120
10,0.0,deterministic,DGSM,x8,7,0.0012372889729192014,0.8666666666666667,1.0,0.027430965551515522,1.0,5120
10,0.0,deterministic,DGSM,x9,8,0.001387838267990247,0.8666666666666667,1.0,0.027430965551515522,1.0,5120
10,0.0,deterministic,DGSM,x10,9,0.0010975623714082083,0.8666666666666667,1.0,0.027430965551515522,1.0,5120
10,0.05,CRN,Sobol,x1,0,0.24107536811725133,0.9555555555555556,1.0,0.023589198451741022,1.0,6144
10,0.05,CRN,Sobol,x2,1,0.24547124926920416,0.9555555555555556,1.0,0.023589198451741022,1.0,6144
10,0.05,CRN,Sobol,x3,2,0.08654224563505668,0.9555555555555556,1.0,0.023589198451741022,1.0,6144
10,0.05,CRN,Sobol,x4,3,0.3389203429979255,0.9555555555555556,1.0,0.023589198451741022,1.0,6144
10,0.05,CRN,Sobol,x5,4,0.08277698174459987,0.9555555555555556,1.0,0.023589198451741022,1.0,6144
10,0.05,CRN,Sobol,x6,5,0.0011724946209083539,0.9555555555555556,1.0,0.023589198451741022,1.0,6144
10,0.05,CRN,Sobol,x7,6,0.0011382010336520095,0.9555555555555556,1.0,0.023589198451741022,1.0,6144
10,0.05,CRN,Sobol,x8,7,0.0009224987368204268,0.9555555555555556,1.0,0.023589198451741022,1.0,6144
10,0.05,CRN,Sobol,x9,8,0.0009158552265187938,0.9555555555555556,1.0,0.023589198451741022,1.0,6144
10,0.05,CRN,Sobol,x10,9,0.0010647626180626958,0.9555555555555556,1.0,0.023589198451741022,1.0,6144
10,0.05,CRN,GAS,x1,0,0.2975496144641958,1.0,1.0,0.05730867947873052,1.0,5184
10,0.05,CRN,GAS,x2,1,0.25425162688380837,1.0,1.0,0.05730867947873052,1.0,5184
10,0.05,CRN,GAS,x3,2,0.14891724341966692,1.0,1.0,0.05730867947873052,1.0,5184
10,0.05,CRN,GAS,x4,3,0.23943657434613239,1.0,1.0,0.05730867947873052,1.0,5184
10,0.05,CRN,GAS,x5,4,0.05965056865015095,1.0,1.0,0.05730867947873052,1.0,5184
10,0.05,CRN,GAS,x6,5,0.0001244871104705621,1.0,1.0,0.05730867947873052,1.0,5184
10,0.05,CRN,GAS,x7,6,1.1041686008106242e-05,1.0,1.0,0.05730867947873052,1.0,5184
10,0.05,CRN,GAS,x8,7,2.945223647505754e-05,1.0,1.0,0.05730867947873052,1.0,5184
10,0.05,CRN,GAS,x9,8,1.1990734352713095e-05,1.0,1.0,0.05730867947873052,1.0,5184
10,0.05,CRN,GAS,x10,9,1.7400468739012018e-05,1.0,1.0,0.05730867947873052,1.0,5184
10,0.05,CRN,DGSM,x1,0,0.2884012665961402,0.9111111111111111,0.8,0.04610352349574665,1.0,5120
10,0.05,CRN,DGSM,x2,1,0.2673382625807184,0.9111111111111111,0.8,0.04610352349574665,1.0,5120
10,0.05,CRN,DGSM,x3,2,0.19809754651372513,0.9111111111111111,0.8,0.04610352349574665,1.0,5120
10,0.05,CRN,DGSM,x4,3,0.18929741843262807,0.9111111111111111,0.8,0.04610352349574665,1.0,5120
10,0.05,CRN,DGSM,x5,4,0.04994595918329446,0.9111111111111111,0.8,0.04610352349574665,1.0,5120
10,0.05,CRN,DGSM,x6,5,0.001677079154727807,0.9111111111111111,0.8,0.04610352349574665,1.0,5120
10,0.05,CRN,DGSM,x7,6,0.0016623646602606016,0.9111111111111111,0.8,0.04610352349574665,1.0,5120
10,0.05,CRN,DGSM,x8,7,0.0011216170182016285,0.9111111111111111,0.8,0.04610352349574665,1.0,5120
10,0.05,CRN,DGSM,x9,8,0.0013813796183968373,0.9111111111111111,0.8,0.04610352349574665,1.0,5120
10,0.05,CRN,DGSM,x10,9,0.0010771062419066778,0.9111111111111111,0.8,0.04610352349574665,1.0,5120
10,0.05,independent,Sobol,x1,0,0.2464333794637005,0.8666666666666667,1.0,0.03192723950984002,1.0,6144
10,0.05,independent,Sobol,x2,1,0.25037053628649153,0.8666666666666667,1.0,0.03192723950984002,1.0,6144
10,0.05,independent,Sobol,x3,2,0.08823451532415363,0.8666666666666667,1.0,0.03192723950984002,1.0,6144
10,0.05,independent,Sobol,x4,3,0.31396390262780477,0.8666666666666667,1.0,0.03192723950984002,1.0,6144
10,0.05,independent,Sobol,x5,4,0.08295071060168425,0.8666666666666667,1.0,0.03192723950984002,1.0,6144
10,0.05,independent,Sobol,x6,5,0.003706738727010056,0.8666666666666667,1.0,0.03192723950984002,1.0,6144
10,0.05,independent,Sobol,x7,6,0.0036332109538575815,0.8666666666666667,1.0,0.03192723950984002,1.0,6144
10,0.05,independent,Sobol,x8,7,0.0036847865955280373,0.8666666666666667,1.0,0.03192723950984002,1.0,6144
10,0.05,independent,Sobol,x9,8,0.003506538697411701,0.8666666666666667,1.0,0.03192723950984002,1.0,6144
10,0.05,independent,Sobol,x10,9,0.003515680722358094,0.8666666666666667,1.0,0.03192723950984002,1.0,6144
10,0.05,independent,GAS,x1,0,0.16209949009340802,0.5555555555555556,0.6,0.663500150244701,0.8,5184
10,0.05,independent,GAS,x2,1,0.18858939091068,0.5555555555555556,0.6,0.663500150244701,0.8,5184
10,0.05,independent,GAS,x3,2,0.11855828715770288,0.5555555555555556,0.6,0.663500150244701,0.8,5184
10,0.05,independent,GAS,x4,3,0.17424636634567978,0.5555555555555556,0.6,0.663500150244701,0.8,5184
10,0.05,independent,GAS,x5,4,0.02474435685125212,0.5555555555555556,0.6,0.663500150244701,0.8,5184
10,0.05,independent,GAS,x6,5,0.06970808780089958,0.5555555555555556,0.6,0.663500150244701,0.8,5184
10,0.05,independent,GAS,x7,6,0.00017732242251059335,0.5555555555555556,0.6,0.663500150244701,0.8,5184
10,0.05,independent,GAS,x8,7,0.13052460049992526,0.5555555555555556,0.6,0.663500150244701,0.8,5184
10,0.05,independent,GAS,x9,8,0.07376313250714313,0.5555555555555556,0.6,0.663500150244701,0.8,5184
10,0.05,independent,GAS,x10,9,0.05758896541079866,0.5555555555555556,0.6,0.663500150244701,0.8,5184
10,0.05,independent,DGSM,x1,0,0.16809439984891783,0.8222222222222222,0.8,0.6170498082892286,1.0,5120
10,0.05,independent,DGSM,x2,1,0.16315876468130786,0.8222222222222222,0.8,0.6170498082892286,1.0,5120
10,0.05,independent,DGSM,x3,2,0.15677083359936766,0.8222222222222222,0.8,0.6170498082892286,1.0,5120
10,0.05,independent,DGSM,x4,3,0.14884849450274415,0.8222222222222222,0.8,0.6170498082892286,1.0,5120
10,0.05,independent,DGSM,x5,4,0.07521459085241841,0.8222222222222222,0.8,0.6170498082892286,1.0,5120
10,0.05,independent,DGSM,x6,5,0.05636396527910816,0.8222222222222222,0.8,0.6170498082892286,1.0,5120
10,0.05,independent,DGSM,x7,6,0.060885811501850455,0.8222222222222222,0.8,0.6170498082892286,1.0,5120
10,0.05,independent,DGSM,x8,7,0.059697936818597794,0.8222222222222222,0.8,0.6170498082892286,1.0,5120
10,0.05,independent,DGSM,x9,8,0.05648058918949543,0.8222222222222222,0.8,0.6170498082892286,1.0,5120
10,0.05,independent,DGSM,x10,9,0.054484613726192156,0.8222222222222222,0.8,0.6170498082892286,1.0,5120
10,0.15,CRN,Sobol,x1,0,0.2553398028357041,0.9111111111111111,0.8,0.04711215482122278,1.0,6144
10,0.15,CRN,Sobol,x2,1,0.2352690361055569,0.9111111111111111,0.8,0.04711215482122278,1.0,6144
10,0.15,CRN,Sobol,x3,2,0.08711693949831435,0.9111111111111111,0.8,0.04711215482122278,1.0,6144
10,0.15,CRN,Sobol,x4,3,0.34136965721462875,0.9111111111111111,0.8,0.04711215482122278,1.0,6144
10,0.15,CRN,Sobol,x5,4,0.07508153576074197,0.9111111111111111,0.8,0.04711215482122278,1.0,6144
10,0.15,CRN,Sobol,x6,5,0.0012006858067770804,0.9111111111111111,0.8,0.04711215482122278,1.0,6144
10,0.15,CRN,Sobol,x7,6,0.0014289303452014635,0.9111111111111111,0.8,0.04711215482122278,1.0,6144
10,0.15,CRN,Sobol,x8,7,0.0009931355683614476,0.9111111111111111,0.8,0.04711215482122278,1.0,6144
10,0.15,CRN,Sobol,x9,8,0.0010269186644671481,0.9111111111111111,0.8,0.04711215482122278,1.0,6144
10,0.15,CRN,Sobol,x10,9,0.0011733582002467359,0.9111111111111111,0.8,0.04711215482122278,1.0,6144
10,0.15,CRN,GAS,x1,0,0.3080596890617587,0.8222222222222222,1.0,0.09637867857035838,1.0,5184
10,0.15,CRN,GAS,x2,1,0.24161127395020449,0.8222222222222222,1.0,0.09637867857035838,1.0,5184
10,0.15,CRN,GAS,x3,2,0.16663325507999532,0.8222222222222222,1.0,0.09637867857035838,1.0,5184
10,0.15,CRN,GAS,x4,3,0.22709669244452532,0.8222222222222222,1.0,0.09637867857035838,1.0,5184
10,0.15,CRN,GAS,x5,4,0.056538950423764424,0.8222222222222222,1.0,0.09637867857035838,1.0,5184
10,0.15,CRN,GAS,x6,5,1.3609911292685672e-05,0.8222222222222222,1.0,0.09637867857035838,1.0,5184
10,0.15,CRN,GAS,x7,6,5.150405850434596e-06,0.8222222222222222,1.0,0.09637867857035838,1.0,5184
10,0.15,CRN,GAS,x8,7,2.9341558651342836e-06,0.8222222222222222,1.0,0.09637867857035838,1.0,5184
10,0.15,CRN,GAS,x9,8,9.131587635877803e-06,0.8222222222222222,1.0,0.09637867857035838,1.0,5184
10,0.15,CRN,GAS,x10,9,2.931297910755022e-05,0.8222222222222222,1.0,0.09637867857035838,1.0,5184
10,0.15,CRN,DGSM,x1,0,0.27511316348543063,0.9555555555555556,0.8,0.03901655995860127,1.0,5120
10,0.15,CRN,DGSM,x2,1,0.26454388249999494,0.9555555555555556,0.8,0.03901655995860127,1.0,5120
10,0.15,CRN,DGSM,x3,2,0.20462142477607004,0.9555555555555556,0.8,0.03901655995860127,1.0,5120
10,0.15,CRN,DGSM,x4,3,0.19773789250549578,0.9555555555555556,0.8,0.03901655995860127,1.0,5120
10,0.15,CRN,DGSM,x5,4,0.051301441545981284,0.9555555555555556,0.8,0.03901655995860127,1.0,5120
10,0.15,CRN,DGSM,x6,5,0.0014380700670850453,0.9555555555555556,0.8,0.03901655995860127,1.0,5120
10,0.15,CRN,DGSM,x7,6,0.0017568916242122511,0.9555555555555556,0.8,0.03901655995860127,1.0,5120
10,0.15,CRN,DGSM,x8,7,0.0010934185855289802,0.9555555555555556,0.8,0.03901655995860127,1.0,5120
10,0.15,CRN,DGSM,x9,8,0.0013310097787157173,0.9555555555555556,0.8,0.03901655995860127,1.0,5120
10,0.15,CRN,DGSM,x10,9,0.001062805131485321,0.9555555555555556,0.8,0.03901655995860127,1.0,5120
10,0.15,independent,Sobol,x1,0,0.22455532234611006,0.6888888888888889,0.8,0.17393519706275698,1.0,6144
10,0.15,independent,Sobol,x2,1,0.21246902189604366,0.6888888888888889,0.8,0.17393519706275698,1.0,6144
10,0.15,independent,Sobol,x3,2,0.09181342206655549,0.6888888888888889,0.8,0.17393519706275698,1.0,6144
10,0.15,independent,Sobol,x4,3,0.31181730212027403,0.6888888888888889,0.8,0.17393519706275698,1.0,6144
10,0.15,independent,Sobol,x5,4,0.07358623173428316,0.6888888888888889,0.8,0.17393519706275698,1.0,6144
10,0.15,independent,Sobol,x6,5,0.01641165400601265,0.6888888888888889,0.8,0.17393519706275698,1.0,6144
10,0.15,independent,Sobol,x7,6,0.01724393049736442,0.6888888888888889,0.8,0.17393519706275698,1.0,6144
10,0.15,independent,Sobol,x8,7,0.016819778777743405,0.6888888888888889,0.8,0.17393519706275698,1.0,6144
10,0.15,independent,Sobol,x9,8,0.016717545907118023,0.6888888888888889,0.8,0.17393519706275698,1.0,6144
10,0.15,independent,Sobol,x10,9,0.018565790648495152,0.6888888888888889,0.8,0.17393519706275698,1.0,6144
10,0.15,independent,GAS,x1,0,0.1381286340202067,-0.022222222222222223,0.0,0.89439033735441,0.6,5184
10,0.15,independent,GAS,x2,1,0.014584637555706971,-0.022222222222222223,0.0,0.89439033735441,0.6,5184
10,0.15,independent,GAS,x3,2,0.1708077085069949,-0.022222222222222223,0.0,0.89439033735441,0.6,5184
10,0.15,independent,GAS,x4,3,0.18089563505734385,-0.022222222222222223,0.0,0.89439033735441,0.6,5184
10,0.15,independent,GAS,x5,4,0.06269576771050293,-0.022222222222222223,0.0,0.89439033735441,0.6,5184
10,0.15,independent,GAS,x6,5,0.061174626289709655,-0.022222222222222223,0.0,0.89439033735441,0.6,5184
10,0.15,independent,GAS,x7,6,0.08746386480518266,-0.022222222222222223,0.0,0.89439033735441,0.6,5184
10,0.15,independent,GAS,x8,7,0.06676321129189115,-0.022222222222222223,0.0,0.89439033735441,0.6,5184
10,0.15,independent,GAS,x9,8,0.15361731652178492,-0.022222222222222223,0.0,0.89439033735441,0.6,5184
10,0.15,independent,GAS,x10,9,0.06386859824067627,-0.022222222222222223,0.0,0.89439033735441,0.6,5184
10,0.15,independent,DGSM,x1,0,0.12072394881097016,0.37777777777777777,0.6,1.025902483685705,0.6,5120
10,0.15,independent,DGSM,x2,1,0.11258131729670678,0.37777777777777777,0.6,1.025902483685705,0.6,5120
10,0.15,independent,DGSM,x3,2,0.10342723230827737,0.37777777777777777,0.6,1.025902483685705,0.6,5120
10,0.15,independent,DGSM,x4,3,0.09571365651814513,0.37777777777777777,0.6,1.025902483685705,0.6,5120
10,0.15,independent,DGSM,x5,4,0.09666017675483245,0.37777777777777777,0.6,1.025902483685705,0.6,5120
10,0.15,independent,DGSM,x6,5,0.08151552603978336,0.37777777777777777,0.6,1.025902483685705,0.6,5120
10,0.15,independent,DGSM,x7,6,0.09675931112184345,0.37777777777777777,0.6,1.025902483685705,0.6,5120
10,0.15,independent,DGSM,x8,7,0.0931155413771216,0.37777777777777777,0.6,1.025902483685705,0.6,5120
10,0.15,independent,DGSM,x9,8,0.10265251162242008,0.37777777777777777,0.6,1.025902483685705,0.6,5120
10,0.15,independent,DGSM,x10,9,0.09685077814989972,0.37777777777777777,0.6,1.025902483685705,0.6,5120
11,0.0,deterministic,Sobol,x1,0,0.2208751062887589,0.9555555555555556,1.0,0.0592523022425478,1.0,6144
11,0.0,deterministic,Sobol,x2,1,0.27395844765040583,0.9555555555555556,1.0,0.0592523022425478,1.0,6144
11,0.0,deterministic,Sobol,x3,2,0.08779955169157751,0.9555555555555556,1.0,0.0592523022425478,1.0,6144
11,0.0,deterministic,Sobol,x4,3,0.3250964901699736,0.9555555555555556,1.0,0.0592523022425478,1.0,6144
11,0.0,deterministic,Sobol,x5,4,0.08635004747535772,0.9555555555555556,1.0,0.0592523022425478,1.0,6144
11,0.0,deterministic,Sobol,x6,5,0.0015224906080495845,0.9555555555555556,1.0,0.0592523022425478,1.0,6144
11,0.0,deterministic,Sobol,x7,6,0.001178940921177361,0.9555555555555556,1.0,0.0592523022425478,1.0,6144
11,0.0,deterministic,Sobol,x8,7,0.0009819504794631895,0.9555555555555556,1.0,0.0592523022425478,1.0,6144
11,0.0,deterministic,Sobol,x9,8,0.001045398160187178,0.9555555555555556,1.0,0.0592523022425478,1.0,6144
11,0.0,deterministic,Sobol,x10,9,0.0011915765550492069,0.9555555555555556,1.0,0.0592523022425478,1.0,6144
11,0.0,deterministic,GAS,x1,0,0.20067300645083605,0.6888888888888889,0.6,0.1885402451240561,1.0,5184
11,0.0,deterministic,GAS,x2,1,0.3424487421870197,0.6888888888888889,0.6,0.1885402451240561,1.0,5184
11,0.0,deterministic,GAS,x3,2,0.173434688324469,0.6888888888888889,0.6,0.1885402451240561,1.0,5184
11,0.0,deterministic,GAS,x4,3,0.22628013561863466,0.6888888888888889,0.6,0.1885402451240561,1.0,5184
11,0.0,deterministic,GAS,x5,4,0.05708135982016422,0.6888888888888889,0.6,0.1885402451240561,1.0,5184
11,0.0,deterministic,GAS,x6,5,2.0564651261739895e-05,0.6888888888888889,0.6,0.1885402451240561,1.0,5184
11,0.0,deterministic,GAS,x7,6,1.4871390716189658e-05,0.6888888888888889,0.6,0.1885402451240561,1.0,5184
11,0.0,deterministic,GAS,x8,7,3.98046773813801e-06,0.6888888888888889,0.6,0.1885402451240561,1.0,5184
11,0.0,deterministic,GAS,x9,8,2.0998647069781445e-05,0.6888888888888889,0.6,0.1885402451240561,1.0,5184
11,0.0,deterministic,GAS,x10,9,2.1652442090663836e-05,0.6888888888888889,0.6,0.1885402451240561,1.0,5184
11,0.0,deterministic,DGSM,x1,0,0.24879192978268533,0.9555555555555556,1.0,0.051339436537614976,1.0,5120
11,0.0,deterministic,DGSM,x2,1,0.2767607197191701,0.9555555555555556,1.0,0.051339436537614976,1.0,5120
11,0.0,deterministic,DGSM,x3,2,0.2272536059291308,0.9555555555555556,1.0,0.051339436537614976,1.0,5120
11,0.0,deterministic,DGSM,x4,3,0.19296540840507256,0.9555555555555556,1.0,0.051339436537614976,1.0,5120
11,0.0,deterministic,DGSM,x5,4,0.047425482313438794,0.9555555555555556,1.0,0.051339436537614976,1.0,5120
11,0.0,deterministic,DGSM,x6,5,0.0014831062568781295,0.9555555555555556,1.0,0.051339436537614976,1.0,5120
11,0.0,deterministic,DGSM,x7,6,0.0016028271550925573,0.9555555555555556,1.0,0.051339436537614976,1.0,5120
11,0.0,deterministic,DGSM,x8,7,0.0012144456935060607,0.9555555555555556,1.0,0.051339436537614976,1.0,5120
11,0.0,deterministic,DGSM,x9,8,0.001278602417490383,0.9555555555555556,1.0,0.051339436537614976,1.0,5120
11,0.0,deterministic,DGSM,x10,9,0.0012238723275353946,0.9555555555555556,1.0,0.051339436537614976,1.0,5120
11,0.05,CRN,Sobol,x1,0,0.2553398028357041,0.9111111111111111,0.8,0.047112154821222836,1.0,6144
11,0.05,CRN,Sobol,x2,1,0.2352690361055569,0.9111111111111111,0.8,0.047112154821222836,1.0,6144
11,0.05,CRN,Sobol,x3,2,0.08711693949831435,0.9111111111111111,0.8,0.047112154821222836,1.0,6144
11,0.05,CRN,Sobol,x4,3,0.3413696572146288,0.9111111111111111,0.8,0.047112154821222836,1.0,6144
11,0.05,CRN,Sobol,x5,4,0.07508153576074197,0.9111111111111111,0.8,0.047112154821222836,1.0,6144
11,0.05,CRN,Sobol,x6,5,0.0012006858067770802,0.9111111111111111,0.8,0.047112154821222836,1.0,6144
11,0.05,CRN,Sobol,x7,6,0.001428930345201464,0.9111111111111111,0.8,0.047112154821222836,1.0,6144
11,0.05,CRN,Sobol,x8,7,0.0009931355683614476,0.9111111111111111,0.8,0.047112154821222836,1.0,6144
11,0.05,CRN,Sobol,x9,8,0.0010269186644671481,0.9111111111111111,0.8,0.047112154821222836,1.0,6144
11,0.05,CRN,Sobol,x10,9,0.0011733582002467363,0.9111111111111111,0.8,0.047112154821222836,1.0,6144
11,0.05,CRN,GAS,x1,0,0.3080596890617584,0.8222222222222222,1.0,0.09637867857035883,1.0,5184
11,0.05,CRN,GAS,x2,1,0.24161127395020446,0.8222222222222222,1.0,0.09637867857035883,1.0,5184
11,0.05,CRN,GAS,x3,2,0.16663325507999582,0.8222222222222222,1.0,0.09637867857035883,1.0,5184
11,0.05,CRN,GAS,x4,3,0.22709669244452516,0.8222222222222222,1.0,0.09637867857035883,1.0,5184
11,0.05,CRN,GAS,x5,4,0.056538950423764396,0.8222222222222222,1.0,0.09637867857035883,1.0,5184
11,0.05,CRN,GAS,x6,5,1.3609911292684722e-05,0.8222222222222222,1.0,0.09637867857035883,1.0,5184
11,0.05,CRN,GAS,x7,6,5.150405850434571e-06,0.8222222222222222,1.0,0.09637867857035883,1.0,5184
11,0.05,CRN,GAS,x8,7,2.9341558651343006e-06,0.8222222222222222,1.0,0.09637867857035883,1.0,5184
11,0.05,CRN,GAS,x9,8,9.13158763587713e-06,0.8222222222222222,1.0,0.09637867857035883,1.0,5184
11,0.05,CRN,GAS,x10,9,2.931297910754897e-05,0.8222222222222222,1.0,0.09637867857035883,1.0,5184
11,0.05,CRN,DGSM,x1,0,0.27511316348543063,0.9555555555555556,0.8,0.0390165599586013,1.0,5120
11,0.05,CRN,DGSM,x2,1,0.264543882499995,0.9555555555555556,0.8,0.0390165599586013,1.0,5120
11,0.05,CRN,DGSM,x3,2,0.20462142477607,0.9555555555555556,0.8,0.0390165599586013,1.0,5120
11,0.05,CRN,DGSM,x4,3,0.19773789250549584,0.9555555555555556,0.8,0.0390165599586013,1.0,5120
11,0.05,CRN,DGSM,x5,4,0.05130144154598129,0.9555555555555556,0.8,0.0390165599586013,1.0,5120
11,0.05,CRN,DGSM,x6,5,0.0014380700670850457,0.9555555555555556,0.8,0.0390165599586013,1.0,5120
11,0.05,CRN,DGSM,x7,6,0.0017568916242122496,0.9555555555555556,0.8,0.0390165599586013,1.0,5120
11,0.05,CRN,DGSM,x8,7,0.0010934185855289795,0.9555555555555556,0.8,0.0390165599586013,1.0,5120
11,0.05,CRN,DGSM,x9,8,0.001331009778715722,0.9555555555555556,0.8,0.0390165599586013,1.0,5120
11,0.05,CRN,DGSM,x10,9,0.0010628051314853224,0.9555555555555556,0.8,0.0390165599586013,1.0,5120
11,0.05,independent,Sobol,x1,0,0.24387195184245658,0.7333333333333333,0.8,0.07406603354849137,1.0,6144
11,0.05,independent,Sobol,x2,1,0.2262116397391647,0.7333333333333333,0.8,0.07406603354849137,1.0,6144
11,0.05,independent,Sobol,x3,2,0.09012378765579945,0.7333333333333333,0.8,0.07406603354849137,1.0,6144
11,0.05,independent,Sobol,x4,3,0.3504705781924714,0.7333333333333333,0.8,0.07406603354849137,1.0,6144
11,0.05,independent,Sobol,x5,4,0.07353382816324935,0.7333333333333333,0.8,0.07406603354849137,1.0,6144
11,0.05,independent,Sobol,x6,5,0.003050683641577834,0.7333333333333333,0.8,0.07406603354849137,1.0,6144
11,0.05,independent,Sobol,x7,6,0.0031213027906454114,0.7333333333333333,0.8,0.07406603354849137,1.0,6144
11,0.05,independent,Sobol,x8,7,0.0030418590125115223,0.7333333333333333,0.8,0.07406603354849137,1.0,6144
11,0.05,independent,Sobol,x9,8,0.0032576041615923323,0.7333333333333333,0.8,0.07406603354849137,1.0,6144
11,0.05,independent,Sobol,x10,9,0.0033167648005315723,0.7333333333333333,0.8,0.07406603354849137,1.0,6144
11,0.05,independent,GAS,x1,0,0.18989187377839029,0.4666666666666667,0.4,0.472368254035559,0.8,5184
11,0.05,independent,GAS,x2,1,0.14344812969450704,0.4666666666666667,0.4,0.472368254035559,0.8,5184
11,0.05,independent,GAS,x3,2,0.17101667478712784,0.4666666666666667,0.4,0.472368254035559,0.8,5184
11,0.05,independent,GAS,x4,3,0.2112799448197856,0.4666666666666667,0.4,0.472368254035559,0.8,5184
11,0.05,independent,GAS,x5,4,0.07038341478802582,0.4666666666666667,0.4,0.472368254035559,0.8,5184
11,0.05,independent,GAS,x6,5,0.00021017598882098118,0.4666666666666667,0.4,0.472368254035559,0.8,5184
11,0.05,independent,GAS,x7,6,0.06099892588073903,0.4666666666666667,0.4,0.472368254035559,0.8,5184
11,0.05,independent,GAS,x8,7,0.04622491852337176,0.4666666666666667,0.4,0.472368254035559,0.8,5184
11,0.05,independent,GAS,x9,8,0.10604807432417111,0.4666666666666667,0.4,0.472368254035559,0.8,5184
11,0.05,independent,GAS,x10,9,0.0004978674150604895,0.4666666666666667,0.4,0.472368254035559,0.8,5184
11,0.05,independent,DGSM,x1,0,0.1801110281167869,0.7333333333333333,0.8,0.6614520586001037,1.0,5120
11,0.05,independent,DGSM,x2,1,0.17115334656337197,0.7333333333333333,0.8,0.6614520586001037,1.0,5120
11,0.05,independent,DGSM,x3,2,0.13885825660361678,0.7333333333333333,0.8,0.6614520586001037,1.0,5120
11,0.05,independent,DGSM,x4,3,0.12454873619312434,0.7333333333333333,0.8,0.6614520586001037,1.0,5120
11,0.05,independent,DGSM,x5,4,0.07909084914442945,0.7333333333333333,0.8,0.6614520586001037,1.0,5120
11,0.05,independent,DGSM,x6,5,0.05325996528741978,0.7333333333333333,0.8,0.6614520586001037,1.0,5120
11,0.05,independent,DGSM,x7,6,0.06323530976510575,0.7333333333333333,0.8,0.6614520586001037,1.0,5120
11,0.05,independent,DGSM,x8,7,0.06067435305533089,0.7333333333333333,0.8,0.6614520586001037,1.0,5120
11,0.05,independent,DGSM,x9,8,0.06640979083102158,0.7333333333333333,0.8,0.6614520586001037,1.0,5120
11,0.05,independent,DGSM,x10,9,0.06265836443979256,0.7333333333333333,0.8,0.6614520586001037,1.0,5120
11,0.15,CRN,Sobol,x1,0,0.2226538381134648,0.8222222222222222,0.8,0.06306866925927368,1.0,6144
11,0.15,CRN,Sobol,x2,1,0.27958082600971046,0.8222222222222222,0.8,0.06306866925927368,1.0,6144
11,0.15,CRN,Sobol,x3,2,0.08351586644162734,0.8222222222222222,0.8,0.06306866925927368,1.0,6144
11,0.15,CRN,Sobol,x4,3,0.3232235520134445,0.8222222222222222,0.8,0.06306866925927368,1.0,6144
11,0.15,CRN,Sobol,x5,4,0.08566873900761941,0.8222222222222222,0.8,0.06306866925927368,1.0,6144
11,0.15,CRN,Sobol,x6,5,0.0011314690948820423,0.8222222222222222,0.8,0.06306866925927368,1.0,6144
11,0.15,CRN,Sobol,x7,6,0.001166001860000968,0.8222222222222222,0.8,0.06306866925927368,1.0,6144
11,0.15,CRN,Sobol,x8,7,0.0008895828180423208,0.8222222222222222,0.8,0.06306866925927368,1.0,6144
11,0.15,CRN,Sobol,x9,8,0.0011653890744841393,0.8222222222222222,0.8,0.06306866925927368,1.0,6144
11,0.15,CRN,Sobol,x10,9,0.001004735566724023,0.8222222222222222,0.8,0.06306866925927368,1.0,6144
11,0.15,CRN,GAS,x1,0,0.27070820572858795,0.7777777777777778,1.0,0.02902396133609204,1.0,5184
11,0.15,CRN,GAS,x2,1,0.2691108349476722,0.7777777777777778,1.0,0.02902396133609204,1.0,5184
11,0.15,CRN,GAS,x3,2,0.16524817734679484,0.7777777777777778,1.0,0.02902396133609204,1.0,5184
11,0.15,CRN,GAS,x4,3,0.23521283714289626,0.7777777777777778,1.0,0.02902396133609204,1.0,5184
11,0.15,CRN,GAS,x5,4,0.05950219319877125,0.7777777777777778,1.0,0.02902396133609204,1.0,5184
11,0.15,CRN,GAS,x6,5,2.5630864657456708e-05,0.7777777777777778,1.0,0.02902396133609204,1.0,5184
11,0.15,CRN,GAS,x7,6,1.594416676958937e-05,0.7777777777777778,1.0,0.02902396133609204,1.0,5184
11,0.15,CRN,GAS,x8,7,2.006913760611434e-05,0.7777777777777778,1.0,0.02902396133609204,1.0,5184
11,0.15,CRN,GAS,x9,8,8.067971557547075e-05,0.7777777777777778,1.0,0.02902396133609204,1.0,5184
11,0.15,CRN,GAS,x10,9,7.542775066887872e-05,0.7777777777777778,1.0,0.02902396133609204,1.0,5184
11,0.15,CRN,DGSM,x1,0,0.2564030380635046,0.8222222222222222,0.8,0.0602623879003337,1.0,5120
11,0.15,CRN,DGSM,x2,1,0.29239135149258716,0.8222222222222222,0.8,0.0602623879003337,1.0,5120
11,0.15,CRN,DGSM,x3,2,0.19235579309703654,0.8222222222222222,0.8,0.0602623879003337,1.0,5120
11,0.15,CRN,DGSM,x4,3,0.1996165865787437,0.8222222222222222,0.8,0.0602623879003337,1.0,5120
11,0.15,CRN,DGSM,x5,4,0.05229298854697817,0.8222222222222222,0.8,0.0602623879003337,1.0,5120
11,0.15,CRN,DGSM,x6,5,0.0014064033407679012,0.8222222222222222,0.8,0.0602623879003337,1.0,5120
11,0.15,CRN,DGSM,x7,6,0.0015170703926117941,0.8222222222222222,0.8,0.0602623879003337,1.0,5120
11,0.15,CRN,DGSM,x8,7,0.0011427991629576419,0.8222222222222222,0.8,0.0602623879003337,1.0,5120
11,0.15,CRN,DGSM,x9,8,0.0016730172539269337,0.8222222222222222,0.8,0.0602623879003337,1.0,5120
11,0.15,CRN,DGSM,x10,9,0.0012009520708856534,0.8222222222222222,0.8,0.0602623879003337,1.0,5120
11,0.15,independent,Sobol,x1,0,0.2219055954611993,0.7777777777777778,0.8,0.20966794352921925,1.0,6144
11,0.15,independent,Sobol,x2,1,0.2122931163054145,0.7777777777777778,0.8,0.20966794352921925,1.0,6144
11,0.15,independent,Sobol,x3,2,0.09255673871705727,0.7777777777777778,0.8,0.20966794352921925,1.0,6144
11,0.15,independent,Sobol,x4,3,0.28782272469007814,0.7777777777777778,0.8,0.20966794352921925,1.0,6144
11,0.15,independent,Sobol,x5,4,0.08254006840678788,0.7777777777777778,0.8,0.20966794352921925,1.0,6144
11,0.15,independent,Sobol,x6,5,0.0218994673697548,0.7777777777777778,0.8,0.20966794352921925,1.0,6144
11,0.15,independent,Sobol,x7,6,0.019851065982718092,0.7777777777777778,0.8,0.20966794352921925,1.0,6144
11,0.15,independent,Sobol,x8,7,0.02017083019471988,0.7777777777777778,0.8,0.20966794352921925,1.0,6144
11,0.15,independent,Sobol,x9,8,0.020769298024445687,0.7777777777777778,0.8,0.20966794352921925,1.0,6144
11,0.15,independent,Sobol,x10,9,0.020191094847824602,0.7777777777777778,0.8,0.20966794352921925,1.0,6144
11,0.15,independent,GAS,x1,0,0.09443564512498552,-0.1111111111111111,0.2,1.1983609259090415,0.4,5184
11,0.15,independent,GAS,x2,1,0.167208344373651,-0.1111111111111111,0.2,1.1983609259090415,0.4,5184
11,0.15,independent,GAS,x3,2,0.0016488051666641147,-0.1111111111111111,0.2,1.1983609259090415,0.4,5184
11,0.15,independent,GAS,x4,3,0.07580491462609147,-0.1111111111111111,0.2,1.1983609259090415,0.4,5184
11,0.15,independent,GAS,x5,4,0.14724738022701225,-0.1111111111111111,0.2,1.1983609259090415,0.4,5184
11,0.15,independent,GAS,x6,5,0.07774431816639583,-0.1111111111111111,0.2,1.1983609259090415,0.4,5184
11,0.15,independent,GAS,x7,6,0.16533515280908212,-0.1111111111111111,0.2,1.1983609259090415,0.4,5184
11,0.15,independent,GAS,x8,7,0.07152176380207284,-0.1111111111111111,0.2,1.1983609259090415,0.4,5184
11,0.15,independent,GAS,x9,8,0.09825074718231347,-0.1111111111111111,0.2,1.1983609259090415,0.4,5184
11,0.15,independent,GAS,x10,9,0.10080292852173141,-0.1111111111111111,0.2,1.1983609259090415,0.4,5184
11,0.15,independent,DGSM,x1,0,0.11115306536785345,0.6444444444444445,0.6,1.0310095669438488,0.8,5120
11,0.15,independent,DGSM,x2,1,0.11591603555008921,0.6444444444444445,0.6,1.0310095669438488,0.8,5120
11,0.15,independent,DGSM,x3,2,0.09663667321964739,0.6444444444444445,0.6,1.0310095669438488,0.8,5120
11,0.15,independent,DGSM,x4,3,0.10618683916743742,0.6444444444444445,0.6,1.0310095669438488,0.8,5120
11,0.15,independent,DGSM,x5,4,0.09680008702984101,0.6444444444444445,0.6,1.0310095669438488,0.8,5120
11,0.15,independent,DGSM,x6,5,0.09662199158522472,0.6444444444444445,0.6,1.0310095669438488,0.8,5120
11,0.15,independent,DGSM,x7,6,0.09647928899664618,0.6444444444444445,0.6,1.0310095669438488,0.8,5120
11,0.15,independent,DGSM,x8,7,0.09737464430010206,0.6444444444444445,0.6,1.0310095669438488,0.8,5120
11,0.15,independent,DGSM,x9,8,0.09488054843668582,0.6444444444444445,0.6,1.0310095669438488,0.8,5120
11,0.15,independent,DGSM,x10,9,0.08795082634647271,0.6444444444444445,0.6,1.0310095669438488,0.8,5120
